activity_comment,activity_id,activity_properties,assay_chembl_id,assay_description,assay_type,bao_endpoint,bao_format,bao_label,canonical_smiles,data_validity_comment,data_validity_description,document_chembl_id,document_journal,document_year,ligand_efficiency,molecule_chembl_id,molecule_pref_name,parent_molecule_chembl_id,pchembl_value,potential_duplicate,qudt_units,record_id,relation,src_id,standard_flag,standard_relation,standard_text_value,standard_type,standard_units,standard_upper_value,standard_value,target_chembl_id,target_organism,target_pref_name,target_tax_id,text_value,toid,type,units,uo_units,upper_value,value
,226781,[],CHEMBL655348,Inhibition of purified mammalian brain [Ca(2+)]/Calmodulin dependent kinase,B,BAO_0000190,BAO_0000019,assay format,CCN1CCC(CC1)n2cc(C3=C(C(=O)NC3=O)c4cn(C)c5ccccc45)c6ccccc26,,,CHEMBL1136405,Bioorg. Med. Chem. Lett.,2003.0,"{'bei': '11.39', 'le': '0.21', 'lle': '0.79', 'sei': '8.7'}",CHEMBL54382,,CHEMBL54382,5.16,False,http://www.openphacts.org/units/Nanomolar,91923,=,1,True,=,,IC50,nM,,7000,CHEMBL2097164,Homo sapiens,CaM kinase II,9606,,,IC50,uM,UO_0000065,,7
,233210,[],CHEMBL655348,Inhibition of purified mammalian brain [Ca(2+)]/Calmodulin dependent kinase,B,BAO_0000190,BAO_0000019,assay format,CN(C)C[C@@H]1CCn2cc(C3=C(C(=O)NC3=O)c4cn(CCO1)c5ccccc45)c6ccccc26.CS(=O)(=O)O,,,CHEMBL1136405,Bioorg. Med. Chem. Lett.,2003.0,"{'bei': '11.11', 'le': '0.2', 'lle': '1.7', 'sei': '7.6'}",CHEMBL432130,,CHEMBL91829,5.21,False,http://www.openphacts.org/units/Nanomolar,91920,=,1,True,=,,IC50,nM,,6200,CHEMBL2097164,Homo sapiens,CaM kinase II,9606,,,IC50,uM,UO_0000065,,6.2
,247742,[],CHEMBL655348,Inhibition of purified mammalian brain [Ca(2+)]/Calmodulin dependent kinase,B,BAO_0000190,BAO_0000019,assay format,Cn1cc(C2=C(C(=O)NC2=O)c3cn(C4CCN(Cc5ccccc5)C4)c6ccccc36)c7ccccc17,,,CHEMBL1136405,Bioorg. Med. Chem. Lett.,2003.0,"{'bei': '8.45', 'le': '0.15', 'lle': '-0.92', 'sei': '7.14'}",CHEMBL291975,,CHEMBL291975,4.23,False,http://www.openphacts.org/units/Nanomolar,91917,=,1,True,=,,IC50,nM,,59000,CHEMBL2097164,Homo sapiens,CaM kinase II,9606,,,IC50,uM,UO_0000065,,59
,249199,[],CHEMBL655348,Inhibition of purified mammalian brain [Ca(2+)]/Calmodulin dependent kinase,B,BAO_0000190,BAO_0000019,assay format,Cn1cc(C2=C(C(=O)NC2=O)c3cn(C4CCNCC4)c5ccccc35)c6ccccc16,,,CHEMBL1136405,Bioorg. Med. Chem. Lett.,2003.0,"{'bei': '13.43', 'le': '0.24', 'lle': '2.08', 'sei': '8.37'}",CHEMBL55788,,CHEMBL55788,5.7,False,http://www.openphacts.org/units/Nanomolar,91914,=,1,True,=,,IC50,nM,,2000,CHEMBL2097164,Homo sapiens,CaM kinase II,9606,,,IC50,uM,UO_0000065,,2
,250572,[],CHEMBL655348,Inhibition of purified mammalian brain [Ca(2+)]/Calmodulin dependent kinase,B,BAO_0000190,BAO_0000019,assay format,CC(C)N1CCC(CC1)n2cc(C3=C(C(=O)NC3=O)c4cn(C)c5ccccc45)c6ccccc26,,,CHEMBL1136405,Bioorg. Med. Chem. Lett.,2003.0,"{'bei': '10.98', 'le': '0.2', 'lle': '0.37', 'sei': '8.65'}",CHEMBL301860,,CHEMBL301860,5.12,False,http://www.openphacts.org/units/Nanomolar,91922,=,1,True,=,,IC50,nM,,7500,CHEMBL2097164,Homo sapiens,CaM kinase II,9606,,,IC50,uM,UO_0000065,,7.5
,251947,[],CHEMBL655348,Inhibition of purified mammalian brain [Ca(2+)]/Calmodulin dependent kinase,B,BAO_0000190,BAO_0000019,assay format,CN1CCC(CC1)n2cc(C3=C(C(=O)NC3=O)c4c[nH]c5ccccc45)c6ccccc26,,,CHEMBL1136405,Bioorg. Med. Chem. Lett.,2003.0,"{'bei': '13.01', 'le': '0.24', 'lle': '1.56', 'sei': '7.88'}",CHEMBL52654,,CHEMBL52654,5.52,False,http://www.openphacts.org/units/Nanomolar,91919,=,1,True,=,,IC50,nM,,3000,CHEMBL2097164,Homo sapiens,CaM kinase II,9606,,,IC50,uM,UO_0000065,,3
,254638,[],CHEMBL655348,Inhibition of purified mammalian brain [Ca(2+)]/Calmodulin dependent kinase,B,BAO_0000190,BAO_0000019,assay format,Cn1cc(C2=C(C(=O)NC2=O)c3cn(C4CCN(CC5CC5)CC4)c6ccccc36)c7ccccc17,,,CHEMBL1136405,Bioorg. Med. Chem. Lett.,2003.0,"{'bei': '9.62', 'le': '0.17', 'lle': '-0.15', 'sei': '7.76'}",CHEMBL55394,,CHEMBL55394,4.6,False,http://www.openphacts.org/units/Nanomolar,91918,=,1,True,=,,IC50,nM,,25000,CHEMBL2097164,Homo sapiens,CaM kinase II,9606,,,IC50,uM,UO_0000065,,25
,256031,[],CHEMBL655348,Inhibition of purified mammalian brain [Ca(2+)]/Calmodulin dependent kinase,B,BAO_0000190,BAO_0000019,assay format,Cn1cc(C2=C(C(=O)NC2=O)c3cn(C4CCN(Cc5ccccn5)CC4)c6ccccc36)c7ccccc17,,,CHEMBL1136405,Bioorg. Med. Chem. Lett.,2003.0,"{'bei': '9.7', 'le': '0.18', 'lle': '0.07', 'sei': '6.93'}",CHEMBL300138,ENZASTAURIN,CHEMBL300138,5,False,http://www.openphacts.org/units/Nanomolar,91925,=,1,True,=,,IC50,nM,,10000,CHEMBL2097164,Homo sapiens,CaM kinase II,9606,,,IC50,uM,UO_0000065,,10
,257393,[],CHEMBL767435,Inhibition of purified mammalian brain calcium calmodulin dependent protein kinase (Ca calmod),B,BAO_0000190,BAO_0000019,assay format,CN[C@@H]1C[C@H]2O[C@@](C)([C@@H]1OC)n3c4ccccc4c5c6CNC(=O)c6c7c8ccccc8n2c7c35,,,CHEMBL1136405,Bioorg. Med. Chem. Lett.,2003.0,"{'bei': '18', 'le': '0.33', 'lle': '4.05', 'sei': '12.09'}",CHEMBL388978,STAUROSPORINE,CHEMBL388978,8.4,False,http://www.openphacts.org/units/Nanomolar,91921,=,1,True,=,,IC50,nM,,4,CHEMBL2097164,Homo sapiens,CaM kinase II,9606,,,IC50,uM,UO_0000065,,0.004
,258777,[],CHEMBL655348,Inhibition of purified mammalian brain [Ca(2+)]/Calmodulin dependent kinase,B,BAO_0000190,BAO_0000019,assay format,CN1CCC(CC1)n2cc(C3=C(C(=O)NC3=O)c4cn(C)c5ccccc45)c6ccccc26,,,CHEMBL1136405,Bioorg. Med. Chem. Lett.,2003.0,"{'bei': '13', 'le': '0.24', 'lle': '1.73', 'sei': '9.62'}",CHEMBL53596,,CHEMBL53596,5.7,False,http://www.openphacts.org/units/Nanomolar,91915,=,1,True,=,,IC50,nM,,2000,CHEMBL2097164,Homo sapiens,CaM kinase II,9606,,,IC50,uM,UO_0000065,,2
,592725,[],CHEMBL653817,Inhibitory activity against Calcium/calmodulin-dependent protein kinase type II,B,BAO_0000190,BAO_0000224,protein format,COc1ccc2c(c1)n(CCCN3CCC(CC3)C(=O)N)c4c5ccc6ccn(C)c6c5c7C(=O)NC(=O)c7c24,,,CHEMBL1136094,Bioorg. Med. Chem. Lett.,2003.0,"{'bei': '10.26', 'le': '0.19', 'lle': '1.6', 'sei': '4.94'}",CHEMBL306501,,CHEMBL306501,5.52,False,http://www.openphacts.org/units/Nanomolar,130104,=,1,True,=,,IC50,nM,,3050,CHEMBL2097164,Homo sapiens,CaM kinase II,9606,,,IC50,uM,UO_0000065,,3.05
,593977,[],CHEMBL653817,Inhibitory activity against Calcium/calmodulin-dependent protein kinase type II,B,BAO_0000190,BAO_0000224,protein format,COc1ccc2c3c4C(=O)NC(=O)c4c5c(ccc6ccn(C)c56)c3n(CCN[C@@H]7CC[C@@H](O)CC7)c2c1,,,CHEMBL1136094,Bioorg. Med. Chem. Lett.,2003.0,"{'bei': '11.62', 'le': '0.21', 'lle': '1.71', 'sei': '6.08'}",CHEMBL311851,,CHEMBL311851,5.93,False,http://www.openphacts.org/units/Nanomolar,130105,=,1,True,=,,IC50,nM,,1170,CHEMBL2097164,Homo sapiens,CaM kinase II,9606,,,IC50,uM,UO_0000065,,1.17
,596565,[],CHEMBL653817,Inhibitory activity against Calcium/calmodulin-dependent protein kinase type II,B,BAO_0000190,BAO_0000224,protein format,Cn1ccc2ccc3c4[nH]c5c(CCCNCCO)cccc5c4c6C(=O)NC(=O)c6c3c12,,,CHEMBL1136094,Bioorg. Med. Chem. Lett.,2003.0,"{'bei': '14.93', 'le': '0.27', 'lle': '3.22', 'sei': '6.63'}",CHEMBL76337,,CHEMBL76337,6.58,False,http://www.openphacts.org/units/Nanomolar,130096,=,1,True,=,,IC50,nM,,266,CHEMBL2097164,Homo sapiens,CaM kinase II,9606,,,IC50,uM,UO_0000065,,0.266
,599059,[],CHEMBL653817,Inhibitory activity against Calcium/calmodulin-dependent protein kinase type II,B,BAO_0000190,BAO_0000224,protein format,Cn1ccc2ccc3c4[nH]c5c(CCN6CCSCC6)cccc5c4c7C(=O)NC(=O)c7c3c12,,,CHEMBL1136094,Bioorg. Med. Chem. Lett.,2003.0,"{'bei': '13.65', 'le': '0.26', 'lle': '1.95', 'sei': '9.12'}",CHEMBL310491,,CHEMBL310491,6.39,False,http://www.openphacts.org/units/Nanomolar,130083,=,1,True,=,,IC50,nM,,403,CHEMBL2097164,Homo sapiens,CaM kinase II,9606,,,IC50,uM,UO_0000065,,0.403
,605349,[],CHEMBL653817,Inhibitory activity against Calcium/calmodulin-dependent protein kinase type II,B,BAO_0000190,BAO_0000224,protein format,Cn1ccc2ccc3c4[nH]c5c(CCN6CCNCC6)cccc5c4c7C(=O)NC(=O)c7c3c12,,,CHEMBL1136094,Bioorg. Med. Chem. Lett.,2003.0,"{'bei': '14.44', 'le': '0.26', 'lle': '3.22', 'sei': '7.94'}",CHEMBL430606,,CHEMBL430606,6.52,False,http://www.openphacts.org/units/Nanomolar,130089,=,1,True,=,,IC50,nM,,301,CHEMBL2097164,Homo sapiens,CaM kinase II,9606,,,IC50,uM,UO_0000065,,0.301
,605356,[],CHEMBL653817,Inhibitory activity against Calcium/calmodulin-dependent protein kinase type II,B,BAO_0000190,BAO_0000224,protein format,Cn1ccc2ccc3c4[nH]c5c(CCN6CCC[C@H]6CO)cccc5c4c7C(=O)NC(=O)c7c3c12,,,CHEMBL1136094,Bioorg. Med. Chem. Lett.,2003.0,"{'bei': '15.1', 'le': '0.27', 'lle': '3.2', 'sei': '7.8'}",CHEMBL308979,,CHEMBL308979,7.05,False,http://www.openphacts.org/units/Nanomolar,130087,=,1,True,=,,IC50,nM,,90,CHEMBL2097164,Homo sapiens,CaM kinase II,9606,,,IC50,uM,UO_0000065,,0.09
,605363,[],CHEMBL653817,Inhibitory activity against Calcium/calmodulin-dependent protein kinase type II,B,BAO_0000190,BAO_0000224,protein format,Cn1ccc2ccc3c4[nH]c5c(CCN6CCOCC6)cccc5c4c7C(=O)NC(=O)c7c3c12,,,CHEMBL1136094,Bioorg. Med. Chem. Lett.,2003.0,"{'bei': '14.92', 'le': '0.27', 'lle': '3.03', 'sei': '8.51'}",CHEMBL306047,,CHEMBL306047,6.75,False,http://www.openphacts.org/units/Nanomolar,130084,=,1,True,=,,IC50,nM,,177,CHEMBL2097164,Homo sapiens,CaM kinase II,9606,,,IC50,uM,UO_0000065,,0.177
,605375,[],CHEMBL653817,Inhibitory activity against Calcium/calmodulin-dependent protein kinase type II,B,BAO_0000190,BAO_0000224,protein format,CN1CCN(CCCc2cccc3c2[nH]c4c5ccc6ccn(C)c6c5c7C(=O)NC(=O)c7c34)CC1,,,CHEMBL1136094,Bioorg. Med. Chem. Lett.,2003.0,"{'bei': '13.38', 'le': '0.24', 'lle': '2.39', 'sei': '8.75'}",CHEMBL73794,,CHEMBL73794,6.42,False,http://www.openphacts.org/units/Nanomolar,130081,=,1,True,=,,IC50,nM,,382,CHEMBL2097164,Homo sapiens,CaM kinase II,9606,,,IC50,uM,UO_0000065,,0.382
,605382,[],CHEMBL653817,Inhibitory activity against Calcium/calmodulin-dependent protein kinase type II,B,BAO_0000190,BAO_0000224,protein format,Cn1ccc2ccc3c4[nH]c5c(CCCN6CCOCC6)cccc5c4c7C(=O)NC(=O)c7c3c12,,,CHEMBL1136094,Bioorg. Med. Chem. Lett.,2003.0,"{'bei': '13.48', 'le': '0.25', 'lle': '2.18', 'sei': '7.92'}",CHEMBL73772,,CHEMBL73772,6.29,False,http://www.openphacts.org/units/Nanomolar,130095,=,1,True,=,,IC50,nM,,516,CHEMBL2097164,Homo sapiens,CaM kinase II,9606,,,IC50,uM,UO_0000065,,0.516
,606472,[],CHEMBL653817,Inhibitory activity against Calcium/calmodulin-dependent protein kinase type II,B,BAO_0000190,BAO_0000224,protein format,COc1ccc2c3c4C(=O)NC(=O)c4c5c(ccc6ccn(C)c56)c3n(CCCN7CCC(O)CC7)c2c1,,,CHEMBL1136094,Bioorg. Med. Chem. Lett.,2003.0,"{'bei': '10.78', 'le': '0.2', 'lle': '1.32', 'sei': '6.2'}",CHEMBL306856,,CHEMBL306856,5.5,False,http://www.openphacts.org/units/Nanomolar,130103,=,1,True,=,,IC50,nM,,3130,CHEMBL2097164,Homo sapiens,CaM kinase II,9606,,,IC50,uM,UO_0000065,,3.13
,606479,[],CHEMBL653817,Inhibitory activity against Calcium/calmodulin-dependent protein kinase type II,B,BAO_0000190,BAO_0000224,protein format,Cn1ccc2ccc3c4[nH]c5c(CCN6CCCCC6)cccc5c4c7C(=O)NC(=O)c7c3c12,,,CHEMBL1136094,Bioorg. Med. Chem. Lett.,2003.0,"{'bei': '16', 'le': '0.29', 'lle': '2.33', 'sei': '10.28'}",CHEMBL307630,,CHEMBL307630,7.21,False,http://www.openphacts.org/units/Nanomolar,130086,=,1,True,=,,IC50,nM,,62,CHEMBL2097164,Homo sapiens,CaM kinase II,9606,,,IC50,uM,UO_0000065,,0.062
,609000,[],CHEMBL653817,Inhibitory activity against Calcium/calmodulin-dependent protein kinase type II,B,BAO_0000190,BAO_0000224,protein format,COc1ccc2c3c4C(=O)NC(=O)c4c5c(ccc6ccn(C)c56)c3n(CCN7CCC[C@H]7CO)c2c1,,,CHEMBL1136094,Bioorg. Med. Chem. Lett.,2003.0,"{'bei': '10.5', 'le': '0.19', 'lle': '1.42', 'sei': '5.88'}",CHEMBL75952,,CHEMBL75952,5.21,False,http://www.openphacts.org/units/Nanomolar,130108,=,1,True,=,,IC50,nM,,6120,CHEMBL2097164,Homo sapiens,CaM kinase II,9606,,,IC50,uM,UO_0000065,,6.12
,612528,[],CHEMBL653817,Inhibitory activity against Calcium/calmodulin-dependent protein kinase type II,B,BAO_0000190,BAO_0000224,protein format,Cn1ccc2ccc3c4[nH]c5c(CCN[C@@H]6CC[C@@H](O)CC6)cccc5c4c7C(=O)NC(=O)c7c3c12,,,CHEMBL1136094,Bioorg. Med. Chem. Lett.,2003.0,"{'bei': '15.21', 'le': '0.28', 'lle': '3.02', 'sei': '7.37'}",CHEMBL73764,,CHEMBL73764,7.31,False,http://www.openphacts.org/units/Nanomolar,130082,=,1,True,=,,IC50,nM,,49,CHEMBL2097164,Homo sapiens,CaM kinase II,9606,,,IC50,uM,UO_0000065,,0.049
,615221,[],CHEMBL653817,Inhibitory activity against Calcium/calmodulin-dependent protein kinase type II,B,BAO_0000190,BAO_0000224,protein format,COc1ccc2c3c4C(=O)NC(=O)c4c5c(ccc6ccn(C)c56)c3n(CCNCCO)c2c1,,,CHEMBL1136094,Bioorg. Med. Chem. Lett.,2003.0,"{'bei': '13.75', 'le': '0.25', 'lle': '3.37', 'sei': '6.44'}",CHEMBL73718,,CHEMBL73718,6.28,False,http://www.openphacts.org/units/Nanomolar,130106,=,1,True,=,,IC50,nM,,527,CHEMBL2097164,Homo sapiens,CaM kinase II,9606,,,IC50,uM,UO_0000065,,0.527
,615233,[],CHEMBL653817,Inhibitory activity against Calcium/calmodulin-dependent protein kinase type II,B,BAO_0000190,BAO_0000224,protein format,COc1ccc2c3c4C(=O)NC(=O)c4c5c(ccc6ccn(C)c56)c3n(CCCN7CCN(C)CC7)c2c1,,,CHEMBL1136094,Bioorg. Med. Chem. Lett.,2003.0,"{'bei': '9.68', 'le': '0.18', 'lle': '0.97', 'sei': '6.88'}",CHEMBL76464,,CHEMBL76464,4.94,False,http://www.openphacts.org/units/Nanomolar,130102,=,1,True,=,,IC50,nM,,11600,CHEMBL2097164,Homo sapiens,CaM kinase II,9606,,,IC50,uM,UO_0000065,,11.6
,615240,[],CHEMBL653817,Inhibitory activity against Calcium/calmodulin-dependent protein kinase type II,B,BAO_0000190,BAO_0000224,protein format,Cn1ccc2ccc3c4[nH]c5c(CCN6CCC(CC6)C(=O)N)cccc5c4c7C(=O)NC(=O)c7c3c12,,,CHEMBL1136094,Bioorg. Med. Chem. Lett.,2003.0,"{'bei': '15.4', 'le': '0.28', 'lle': '4.01', 'sei': '6.71'}",CHEMBL312292,,CHEMBL312292,7.6,False,http://www.openphacts.org/units/Nanomolar,130097,=,1,True,=,,IC50,nM,,25,CHEMBL2097164,Homo sapiens,CaM kinase II,9606,,,IC50,uM,UO_0000065,,0.025
,616514,[],CHEMBL653817,Inhibitory activity against Calcium/calmodulin-dependent protein kinase type II,B,BAO_0000190,BAO_0000224,protein format,Cn1ccc2ccc3c4[nH]c5c(CCCN[C@@H]6CC[C@@H](O)CC6)cccc5c4c7C(=O)NC(=O)c7c3c12,,,CHEMBL1136094,Bioorg. Med. Chem. Lett.,2003.0,"{'bei': '13.48', 'le': '0.25', 'lle': '1.99', 'sei': '6.72'}",CHEMBL307152,,CHEMBL307152,6.67,False,http://www.openphacts.org/units/Nanomolar,130093,=,1,True,=,,IC50,nM,,216,CHEMBL2097164,Homo sapiens,CaM kinase II,9606,,,IC50,uM,UO_0000065,,0.216
,617933,[],CHEMBL653817,Inhibitory activity against Calcium/calmodulin-dependent protein kinase type II,B,BAO_0000190,BAO_0000224,protein format,COc1ccc2c3c4C(=O)NC(=O)c4c5c(ccc6ccn(C)c56)c3n(CCCNCCO)c2c1,,,CHEMBL1136094,Bioorg. Med. Chem. Lett.,2003.0,"{'bei': '13.04', 'le': '0.24', 'lle': '2.84', 'sei': '6.29'}",CHEMBL73781,,CHEMBL73781,6.13,False,http://www.openphacts.org/units/Nanomolar,130101,=,1,True,=,,IC50,nM,,732,CHEMBL2097164,Homo sapiens,CaM kinase II,9606,,,IC50,uM,UO_0000065,,0.732
,617945,[],CHEMBL653817,Inhibitory activity against Calcium/calmodulin-dependent protein kinase type II,B,BAO_0000190,BAO_0000224,protein format,Cn1ccc2ccc3c4[nH]c5c(CCNCCO)cccc5c4c6C(=O)NC(=O)c6c3c12,,,CHEMBL1136094,Bioorg. Med. Chem. Lett.,2003.0,"{'bei': '16.47', 'le': '0.3', 'lle': '4.05', 'sei': '7.08'}",CHEMBL76326,,CHEMBL76326,7.02,False,http://www.openphacts.org/units/Nanomolar,130085,=,1,True,=,,IC50,nM,,95,CHEMBL2097164,Homo sapiens,CaM kinase II,9606,,,IC50,uM,UO_0000065,,0.095
,621489,[],CHEMBL653817,Inhibitory activity against Calcium/calmodulin-dependent protein kinase type II,B,BAO_0000190,BAO_0000224,protein format,CCN(CC)CCCc1cccc2c1[nH]c3c4ccc5ccn(C)c5c4c6C(=O)NC(=O)c6c23,,,CHEMBL1136094,Bioorg. Med. Chem. Lett.,2003.0,"{'bei': '14.94', 'le': '0.27', 'lle': '1.64', 'sei': '9.64'}",CHEMBL72076,,CHEMBL72076,6.76,False,http://www.openphacts.org/units/Nanomolar,130094,=,1,True,=,,IC50,nM,,174,CHEMBL2097164,Homo sapiens,CaM kinase II,9606,,,IC50,uM,UO_0000065,,0.174
,626610,[],CHEMBL653817,Inhibitory activity against Calcium/calmodulin-dependent protein kinase type II,B,BAO_0000190,BAO_0000224,protein format,COC(=O)C1CCN(CCc2cccc3c2[nH]c4c5ccc6ccn(C)c6c5c7C(=O)NC(=O)c7c34)CC1,,,CHEMBL1136094,Bioorg. Med. Chem. Lett.,2003.0,"{'bei': '13.94', 'le': '0.25', 'lle': '2.81', 'sei': '7.35'}",CHEMBL72808,,CHEMBL72808,7.09,False,http://www.openphacts.org/units/Nanomolar,130098,=,1,True,=,,IC50,nM,,81,CHEMBL2097164,Homo sapiens,CaM kinase II,9606,,,IC50,uM,UO_0000065,,0.081
,627847,[],CHEMBL653817,Inhibitory activity against Calcium/calmodulin-dependent protein kinase type II,B,BAO_0000190,BAO_0000224,protein format,Cn1ccc2ccc3c4[nH]c5c(CCN6CCC(O)CC6)cccc5c4c7C(=O)NC(=O)c7c3c12,,,CHEMBL1136094,Bioorg. Med. Chem. Lett.,2003.0,"{'bei': '15.73', 'le': '0.29', 'lle': '3.49', 'sei': '8.12'}",CHEMBL75368,,CHEMBL75368,7.34,False,http://www.openphacts.org/units/Nanomolar,130088,=,1,True,=,,IC50,nM,,46,CHEMBL2097164,Homo sapiens,CaM kinase II,9606,,,IC50,uM,UO_0000065,,0.046
,765673,[],CHEMBL653818,Inhibition of Calcium/calmodulin-dependent protein kinase type II,B,BAO_0000190,BAO_0000224,protein format,CN[C@@H]1C[C@H]2O[C@@](C)([C@@H]1OC)n3c4ccccc4c5c6CNC(=O)c6c7c8ccccc8n2c7c35,,,CHEMBL1136205,Bioorg. Med. Chem. Lett.,2003.0,"{'bei': '17.62', 'le': '0.32', 'lle': '3.87', 'sei': '11.84'}",CHEMBL388978,STAUROSPORINE,CHEMBL388978,8.22,False,http://www.openphacts.org/units/Nanomolar,193396,=,1,True,=,,IC50,nM,,6,CHEMBL2097164,Homo sapiens,CaM kinase II,9606,,,IC50,uM,UO_0000065,,0.006
,776803,[],CHEMBL653818,Inhibition of Calcium/calmodulin-dependent protein kinase type II,B,BAO_0000190,BAO_0000224,protein format,CCN1CCOCCn2cc(C3=C(C(=O)NC3=O)c4cn(CCOCC1)c5ccccc45)c6ccccc26,,,CHEMBL1136205,Bioorg. Med. Chem. Lett.,2003.0,"{'bei': '11.92', 'le': '0.22', 'lle': '2.58', 'sei': '7.86'}",CHEMBL103055,,CHEMBL103055,6.11,False,http://www.openphacts.org/units/Nanomolar,193393,=,1,True,=,,IC50,nM,,780,CHEMBL2097164,Homo sapiens,CaM kinase II,9606,,,IC50,uM,UO_0000065,,0.78
,839754,[],CHEMBL657561,Inhibition of Calcium/calmodulin-dependent protein kinase type II,B,BAO_0000190,BAO_0000224,protein format,O=C1NCc2c1c3c4ccccc4[nH]c3c5[nH]c6ccccc6c25,,,CHEMBL1136336,Bioorg. Med. Chem. Lett.,2003.0,"{'bei': '21.63', 'le': '0.38', 'lle': '2.54', 'sei': '11.1'}",CHEMBL16958,STAUROSPORINONE,CHEMBL16958,6.74,False,http://www.openphacts.org/units/Nanomolar,239580,=,1,True,=,,IC50,nM,,184,CHEMBL2097164,Homo sapiens,CaM kinase II,9606,,,IC50,uM,UO_0000065,,0.184
,852819,[],CHEMBL657561,Inhibition of Calcium/calmodulin-dependent protein kinase type II,B,BAO_0000190,BAO_0000224,protein format,CN[C@@H]1C[C@H]2O[C@@](C)([C@@H]1OC)n3c4ccccc4c5c6CNC(=O)c6c7c8ccccc8n2c7c35,,,CHEMBL1136336,Bioorg. Med. Chem. Lett.,2003.0,"{'bei': '18.65', 'le': '0.34', 'lle': '4.35', 'sei': '12.53'}",CHEMBL388978,STAUROSPORINE,CHEMBL388978,8.7,False,http://www.openphacts.org/units/Nanomolar,239568,=,1,True,=,,IC50,nM,,2,CHEMBL2097164,Homo sapiens,CaM kinase II,9606,,,IC50,uM,UO_0000065,,0.002
,856176,[],CHEMBL657561,Inhibition of Calcium/calmodulin-dependent protein kinase type II,B,BAO_0000190,BAO_0000224,protein format,O=C1NC(=O)c2c1c3c4ccccc4[nH]c3c5[nH]c6ccccc6c25,,,CHEMBL1136336,Bioorg. Med. Chem. Lett.,2003.0,"{'bei': '23.37', 'le': '0.42', 'lle': '3.76', 'sei': '9.78'}",CHEMBL268368,STAUROSPORINE AGLYCON,CHEMBL268368,7.6,False,http://www.openphacts.org/units/Nanomolar,239581,=,1,True,=,,IC50,nM,,25,CHEMBL2097164,Homo sapiens,CaM kinase II,9606,,,IC50,uM,UO_0000065,,0.025
,990253,[],CHEMBL653820,Inhibitory activity against CaMPKII (Calcium/calmodulin-dependent protein kinase type II),B,BAO_0000190,BAO_0000224,protein format,NCCCC[C@H](NC(=O)[C@H](CCCN=C(N)N)NC(=O)[C@H](CCCN=C(N)N)NC(=O)[C@H](Cc1c[nH]c2ccccc12)NC(=O)[C@H](CCCCN)NC(=O)[C@H](Cc3ccc(O)cc3)NC(=O)[C@H](CCCCN)NC(=O)[C@H](CCCCN)NC(=O)[C@@H](N)CCCN=C(N)N)C(=O)N,,,CHEMBL1132602,J. Med. Chem.,1999.0,"{'bei': '3.39', 'le': None, 'lle': None, 'sei': None}",CHEMBL404932,,CHEMBL404932,4.57,False,http://www.openphacts.org/units/Nanomolar,340879,=,1,True,=,,IC50,nM,,26700,CHEMBL2097164,Homo sapiens,CaM kinase II,9606,,,IC50,uM,UO_0000065,,26.7
,1003657,[],CHEMBL653820,Inhibitory activity against CaMPKII (Calcium/calmodulin-dependent protein kinase type II),B,BAO_0000190,BAO_0000224,protein format,CC[C@@H](C)[C@H](NC(=O)[C@H](CCCCN)NC(=O)[C@H](Cc1ccc(O)cc1)NC(=O)[C@H](CCCCN)NC(=O)[C@H](CCCCN)NC(=O)[C@@H](N)CCCN=C(N)N)C(=O)N[C@@H](CCCN=C(N)N)C(=O)N[C@@H](CCCN=C(N)N)C(=O)N[C@@H](CCCCN)C(=O)N,,,CHEMBL1132602,J. Med. Chem.,1999.0,"{'bei': '3.33', 'le': None, 'lle': None, 'sei': None}",CHEMBL262895,,CHEMBL262895,4.24,False,http://www.openphacts.org/units/Nanomolar,340861,=,1,True,=,,IC50,nM,,57400,CHEMBL2097164,Homo sapiens,CaM kinase II,9606,,,IC50,uM,UO_0000065,,57.4
,1006400,[],CHEMBL653820,Inhibitory activity against CaMPKII (Calcium/calmodulin-dependent protein kinase type II),B,BAO_0000190,BAO_0000224,protein format,NCCCC[C@H](NC(=O)[C@H](CCCN=C(N)N)NC(=O)[C@H](CCCN=C(N)N)NC(=O)[C@H](Cc1c[nH]cn1)NC(=O)[C@H](CCCCN)NC(=O)[C@H](Cc2ccc(O)cc2)NC(=O)[C@H](CCCCN)NC(=O)[C@H](CCCCN)NC(=O)[C@@H](N)CCCN=C(N)N)C(=O)N,,,CHEMBL1132602,J. Med. Chem.,1999.0,"{'bei': '3.69', 'le': None, 'lle': None, 'sei': None}",CHEMBL265875,,CHEMBL265875,4.79,False,http://www.openphacts.org/units/Nanomolar,340880,=,1,True,=,,IC50,nM,,16200,CHEMBL2097164,Homo sapiens,CaM kinase II,9606,,,IC50,uM,UO_0000065,,16.2
,1226394,[],CHEMBL653816,Inhibitory activity against Calcium/calmodulin-dependent protein kinase type II using autocamtide as substrate,B,BAO_0000190,BAO_0000224,protein format,Cc1ccc2c(c1)[nH]c3c4[nH]c5ccccc5c4c6C(=O)NC(=O)c6c23,,,CHEMBL1145043,J. Med. Chem.,2003.0,"{'bei': '20.88', 'le': '0.37', 'lle': '2.94', 'sei': '9.11'}",CHEMBL292021,,CHEMBL292021,7.09,False,http://www.openphacts.org/units/Nanomolar,108001,=,1,True,=,,IC50,nM,,82,CHEMBL2097164,Homo sapiens,CaM kinase II,9606,,,IC50,uM,UO_0000065,,0.082
,1227706,[],CHEMBL653816,Inhibitory activity against Calcium/calmodulin-dependent protein kinase type II using autocamtide as substrate,B,BAO_0000190,BAO_0000224,protein format,Cn1c2ccccc2c3c4C(=O)NC(=O)c4c5c6ccc(Br)cc6[nH]c5c13,,,CHEMBL1145043,J. Med. Chem.,2003.0,"{'bei': '16.16', 'le': '0.34', 'lle': '2.15', 'sei': '10.11'}",CHEMBL293898,,CHEMBL293898,6.76,False,http://www.openphacts.org/units/Nanomolar,107995,=,1,True,=,,IC50,nM,,174,CHEMBL2097164,Homo sapiens,CaM kinase II,9606,,,IC50,uM,UO_0000065,,0.174
,1228540,[],CHEMBL821729,Inhibitory activity of compound against CaMKII,B,BAO_0000190,BAO_0000224,protein format,CC(C)C[C@H](NC(=O)[C@H](C)NC(=O)[C@H](CC(=O)O)NC(=O)[C@@H](NC(=O)[C@H](C)NC(=O)[C@H](CCC(=O)O)NC(=O)[C@H](CCC(=O)N)NC(=O)[C@H](CCCN=C(N)N)NC(=O)[C@H](CCCN=C(N)N)NC(=O)[C@H](CC(C)C)NC(=O)[C@H](C)NC(=O)OCc1ccccc1)C(C)C)C(=O)O,,,CHEMBL1132263,Bioorg. Med. Chem. Lett.,1999.0,"{'bei': '4.36', 'le': None, 'lle': None, 'sei': None}",CHEMBL425458,,CHEMBL425458,6,False,http://www.openphacts.org/units/Nanomolar,10611,=,1,True,=,,IC50,nM,,1000,CHEMBL2097164,Homo sapiens,CaM kinase II,9606,,,IC50,M,UO_0000065,,0.000001
,1232062,[],CHEMBL821729,Inhibitory activity of compound against CaMKII,B,BAO_0000190,BAO_0000224,protein format,CC(C)C[C@H](NC(=O)[C@H](C)NC(=O)[C@H](CC(=O)O)NC(=O)[C@@H](NC(=O)[C@H](CCC(=O)O)NC(=O)[C@H](CCC(=O)N)NC(=O)[C@H](CCCN=C(N)N)NC(=O)[C@H](CCCN=C(N)N)NC(=O)[C@H](CC(C)C)NC(=O)[C@H](C)NC(=O)[C@H](CCCCNC(=O)OCc1ccccc1[N+](=O)[O-])NC(=O)[C@H](CCCCN)NC(=O)OCc2ccccc2[N+](=O)[O-])C(C)C)C(=O)O,,,CHEMBL1132263,Bioorg. Med. Chem. Lett.,1999.0,"{'bei': '3.32', 'le': None, 'lle': None, 'sei': None}",CHEMBL413614,,CHEMBL413614,5.92,False,http://www.openphacts.org/units/Nanomolar,10610,=,1,True,=,,IC50,nM,,1200,CHEMBL2097164,Homo sapiens,CaM kinase II,9606,,,IC50,M,UO_0000065,,0.0000012
,1237767,[],CHEMBL653816,Inhibitory activity against Calcium/calmodulin-dependent protein kinase type II using autocamtide as substrate,B,BAO_0000190,BAO_0000224,protein format,COc1ccc2c(c1)[nH]c3c4[nH]c5ccccc5c4c6C(=O)NC(=O)c6c23,,,CHEMBL1145043,J. Med. Chem.,2003.0,"{'bei': '18.65', 'le': '0.34', 'lle': '2.78', 'sei': '7.62'}",CHEMBL64742,,CHEMBL64742,6.63,False,http://www.openphacts.org/units/Nanomolar,107999,=,1,True,=,,IC50,nM,,236,CHEMBL2097164,Homo sapiens,CaM kinase II,9606,,,IC50,uM,UO_0000065,,0.236
,1249507,[],CHEMBL653816,Inhibitory activity against Calcium/calmodulin-dependent protein kinase type II using autocamtide as substrate,B,BAO_0000190,BAO_0000224,protein format,Brc1cccc2c1[nH]c3c4[nH]c5ccccc5c4c6C(=O)NC(=O)c6c23,,,CHEMBL1145043,J. Med. Chem.,2003.0,"{'bei': '12.26', 'le': '0.26', 'lle': '0.35', 'sei': '6.37'}",CHEMBL432715,,CHEMBL432715,4.96,False,http://www.openphacts.org/units/Nanomolar,107992,=,1,True,=,,IC50,nM,,11100,CHEMBL2097164,Homo sapiens,CaM kinase II,9606,,,IC50,uM,UO_0000065,,11.1
,1255219,[],CHEMBL821729,Inhibitory activity of compound against CaMKII,B,BAO_0000190,BAO_0000224,protein format,CC(C)C[C@H](NC(=O)[C@H](C)NC(=O)[C@H](CC(=O)O)NC(=O)[C@@H](NC(=O)[C@H](C)NC(=O)[C@H](CCC(=O)O)NC(=O)[C@H](CCC(=O)N)NC(=O)[C@H](CCCN=C(N)N)NC(=O)[C@H](CCCN=C(N)N)NC(=O)[C@H](CC(C)C)NC(=O)[C@H](C)NC(=O)[C@H](CCCCNC(=O)OCc1ccccc1[N+](=O)[O-])NC(=O)[C@@H](N)CCCCNC(=O)OCc2ccccc2[N+](=O)[O-])C(C)C)C(=O)O,,,CHEMBL1132263,Bioorg. Med. Chem. Lett.,1999.0,"{'bei': '4.04', 'le': None, 'lle': None, 'sei': None}",CHEMBL2369378,,CHEMBL2369378,7.5,False,http://www.openphacts.org/units/Nanomolar,10612,=,1,True,=,,IC50,nM,,32,CHEMBL2097164,Homo sapiens,CaM kinase II,9606,,,IC50,M,UO_0000065,,3.2E-8
,1255636,[],CHEMBL653816,Inhibitory activity against Calcium/calmodulin-dependent protein kinase type II using autocamtide as substrate,B,BAO_0000190,BAO_0000224,protein format,Brc1cccc2[nH]c3c4[nH]c5ccccc5c4c6C(=O)NC(=O)c6c3c12,,,CHEMBL1145043,J. Med. Chem.,2003.0,"{'bei': '17.9', 'le': '0.38', 'lle': '2.64', 'sei': '9.31'}",CHEMBL59785,,CHEMBL59785,7.24,False,http://www.openphacts.org/units/Nanomolar,107994,=,1,True,=,,IC50,nM,,58,CHEMBL2097164,Homo sapiens,CaM kinase II,9606,,,IC50,uM,UO_0000065,,0.058
,1257090,[],CHEMBL653816,Inhibitory activity against Calcium/calmodulin-dependent protein kinase type II using autocamtide as substrate,B,BAO_0000190,BAO_0000224,protein format,Clc1ccc2c(c1)[nH]c3c4[nH]c5ccccc5c4c6C(=O)NC(=O)c6c23,,,CHEMBL1145043,J. Med. Chem.,2003.0,"{'bei': '16.79', 'le': '0.32', 'lle': '1.55', 'sei': '7.77'}",CHEMBL291402,,CHEMBL291402,6.04,False,http://www.openphacts.org/units/Nanomolar,108002,=,1,True,=,,IC50,nM,,914,CHEMBL2097164,Homo sapiens,CaM kinase II,9606,,,IC50,uM,UO_0000065,,0.914
,1258364,[],CHEMBL653816,Inhibitory activity against Calcium/calmodulin-dependent protein kinase type II using autocamtide as substrate,B,BAO_0000190,BAO_0000224,protein format,Fc1ccc2c(c1)[nH]c3c4[nH]c5ccccc5c4c6C(=O)NC(=O)c6c23,,,CHEMBL1145043,J. Med. Chem.,2003.0,"{'bei': '20.49', 'le': '0.37', 'lle': '3.06', 'sei': '9.05'}",CHEMBL293157,,CHEMBL293157,7.04,False,http://www.openphacts.org/units/Nanomolar,108003,=,1,True,=,,IC50,nM,,92,CHEMBL2097164,Homo sapiens,CaM kinase II,9606,,,IC50,uM,UO_0000065,,0.092
,1263225,[],CHEMBL653816,Inhibitory activity against Calcium/calmodulin-dependent protein kinase type II using autocamtide as substrate,B,BAO_0000190,BAO_0000224,protein format,Brc1ccc2c(c1)[nH]c3c4[nH]c5ccccc5c4c6C(=O)NC(=O)c6c23,,,CHEMBL1145043,J. Med. Chem.,2003.0,"{'bei': '12.14', 'le': '0.26', 'lle': '0.31', 'sei': '6.31'}",CHEMBL64758,,CHEMBL64758,4.91,False,http://www.openphacts.org/units/Nanomolar,107991,=,1,True,=,,IC50,nM,,12400,CHEMBL2097164,Homo sapiens,CaM kinase II,9606,,,IC50,uM,UO_0000065,,12.4
,1265159,[],CHEMBL821729,Inhibitory activity of compound against CaMKII,B,BAO_0000190,BAO_0000224,protein format,CC(C)C[C@H](NC(=O)[C@H](C)NC(=O)[C@H](CC(=O)O)NC(=O)[C@@H](NC(=O)[C@H](CCC(=O)O)NC(=O)[C@H](CCC(=O)N)NC(=O)[C@H](CCCN=C(N)N)NC(=O)[C@H](CCCN=C(N)N)NC(=O)[C@H](CC(C)C)NC(=O)[C@H](C)NC(=O)[C@H](CCCCN)NC(=O)[C@H](CCCCN)NC(=O)OCc1ccccc1[N+](=O)[O-])C(C)C)C(=O)O,,,CHEMBL1132263,Bioorg. Med. Chem. Lett.,1999.0,"{'bei': '4.64', 'le': None, 'lle': None, 'sei': None}",CHEMBL385035,,CHEMBL385035,7.44,False,http://www.openphacts.org/units/Nanomolar,10609,=,1,True,=,,IC50,nM,,36,CHEMBL2097164,Homo sapiens,CaM kinase II,9606,,,IC50,M,UO_0000065,,3.6E-8
,1462291,[],CHEMBL831918,Inhibition of human Calcium/calmodulin-dependent protein kinase type II,B,BAO_0000190,BAO_0000224,protein format,CN(C)C(=O)N1CCn2cc(C3=C(C(=O)NC3=O)c4cnc5ccccn45)c6cccc(C1)c26,,,CHEMBL1138659,J. Med. Chem.,2004.0,"{'bei': '12.33', 'le': '0.23', 'lle': '3.25', 'sei': '6.09'}",CHEMBL362814,,CHEMBL362814,5.6,False,http://www.openphacts.org/units/Nanomolar,378376,=,1,True,=,,IC50,nM,,2500,CHEMBL2097164,Homo sapiens,CaM kinase II,9606,,,IC50,uM,UO_0000065,,2.5
,1487652,[],CHEMBL877468,Inhibition of [Ca(2+)]/calmodulin dependent kinase,B,BAO_0000190,BAO_0000224,protein format,Cc1ccsc1C(=O)n2nc(Nc3ccc(cc3)S(=O)(=O)N)nc2N,,,CHEMBL1139550,J. Med. Chem.,2005.0,"{'bei': '13.16', 'le': '0.27', 'lle': '3.67', 'sei': '3.41'}",CHEMBL363130,,CHEMBL363130,4.98,False,http://www.openphacts.org/units/Nanomolar,384762,=,1,True,=,,IC50,nM,,10500,CHEMBL2097164,Homo sapiens,CaM kinase II,9606,,,IC50,uM,UO_0000065,,10.5
,1487788,[],CHEMBL877468,Inhibition of [Ca(2+)]/calmodulin dependent kinase,B,BAO_0000190,BAO_0000224,protein format,Nc1nc(Nc2ccc(cc2)S(=O)(=O)N)nn1C(=S)Nc3c(F)cccc3F,,,CHEMBL1139550,J. Med. Chem.,2005.0,"{'bei': '11.87', 'le': '0.25', 'lle': '3.28', 'sei': '3.58'}",CHEMBL261720,,CHEMBL261720,5.05,False,http://www.openphacts.org/units/Nanomolar,384944,=,1,True,=,,IC50,nM,,8900,CHEMBL2097164,Homo sapiens,CaM kinase II,9606,,,IC50,uM,UO_0000065,,8.9
,1650084,[],CHEMBL860798,Average Binding Constant for CAMK2A; NA=Not Active at 10 uM,B,BAO_0000034,BAO_0000357,single protein format,CCN(CC)CCNC(=O)c1c(C)[nH]c(\C=C\2/C(=O)Nc3ccc(F)cc23)c1C,,,CHEMBL1144455,Nat. Biotechnol.,2005.0,"{'bei': '16.14', 'le': '0.3', 'lle': '3.1', 'sei': '8.33'}",CHEMBL535,SUNITINIB,CHEMBL535,6.43,True,http://www.openphacts.org/units/Nanomolar,405813,=,1,True,=,,Kd,nM,,370,CHEMBL4147,Homo sapiens,CaM kinase II alpha,9606,,,Kd,uM,UO_0000065,,0.37
,1650086,[],CHEMBL860798,Average Binding Constant for CAMK2A; NA=Not Active at 10 uM,B,BAO_0000034,BAO_0000357,single protein format,CN(C)C[C@@H]1CCn2cc(C3=C(C(=O)NC3=O)c4cn(CCO1)c5ccccc45)c6ccccc26,,,CHEMBL1144455,Nat. Biotechnol.,2005.0,"{'bei': '10.71', 'le': '0.2', 'lle': '1.51', 'sei': '7.33'}",CHEMBL91829,RUBOXISTAURIN,CHEMBL91829,5.02,False,http://www.openphacts.org/units/Nanomolar,405815,=,1,True,=,,Kd,nM,,9600,CHEMBL4147,Homo sapiens,CaM kinase II alpha,9606,,,Kd,uM,UO_0000065,,9.6
,1650089,[],CHEMBL860798,Average Binding Constant for CAMK2A; NA=Not Active at 10 uM,B,BAO_0000034,BAO_0000357,single protein format,CN1CC[C@@H]([C@H](O)C1)c2c(O)cc(O)c3C(=O)C=C(Oc23)c4ccccc4Cl,,,CHEMBL1144455,Nat. Biotechnol.,2005.0,"{'bei': '14.65', 'le': '0.29', 'lle': '2.59', 'sei': '6.25'}",CHEMBL428690,ALVOCIDIB,CHEMBL428690,5.89,False,http://www.openphacts.org/units/Nanomolar,405818,=,1,True,=,,Kd,nM,,1300,CHEMBL4147,Homo sapiens,CaM kinase II alpha,9606,,,Kd,uM,UO_0000065,,1.3
,1652325,[],CHEMBL860798,Average Binding Constant for CAMK2A; NA=Not Active at 10 uM,B,BAO_0000034,BAO_0000357,single protein format,CN[C@@H]1C[C@H]2O[C@@](C)([C@@H]1OC)n3c4ccccc4c5c6CNC(=O)c6c7c8ccccc8n2c7c35,,,CHEMBL1144455,Nat. Biotechnol.,2005.0,"{'bei': '21.43', 'le': '0.39', 'lle': '5.65', 'sei': '14.4'}",CHEMBL388978,STAUROSPORINE,CHEMBL388978,10,False,http://www.openphacts.org/units/Nanomolar,405819,=,1,True,=,,Kd,nM,,0.1,CHEMBL4147,Homo sapiens,CaM kinase II alpha,9606,,,Kd,uM,UO_0000065,,0.0001
,1755332,[],CHEMBL868614,Inhibition of CamK2alpha,B,BAO_0000190,BAO_0000357,single protein format,CNc1nccc(n1)c2ccc(s2)C(=O)N[C@H](CN)Cc3ccc(Cl)cc3Cl,,,CHEMBL1146851,Bioorg. Med. Chem. Lett.,2006.0,"{'bei': '11.68', 'le': '0.25', 'lle': '1.25', 'sei': '5.48'}",CHEMBL213618,,CHEMBL213618,5.1,False,http://www.openphacts.org/units/Nanomolar,549433,=,1,True,=,,IC50,nM,,8000,CHEMBL4147,Homo sapiens,CaM kinase II alpha,9606,,,IC50,nM,UO_0000065,,8000
,1923198,[],CHEMBL896198,Inhibition of CAMK2,B,BAO_0000190,BAO_0000224,protein format,CN(C)CCCn1cc(CNc2cc(Br)c3ncc(C#N)c(Nc4ccc(F)c(Cl)c4)c3c2)nn1,,,CHEMBL1148782,J. Med. Chem.,2007.0,"{'bei': '9.41', 'le': '0.2', 'lle': '-0.31', 'sei': '5.55'}",CHEMBL425834,,CHEMBL425834,5.25,False,http://www.openphacts.org/units/Nanomolar,655122,=,1,True,=,,IC50,nM,,5600,CHEMBL2097164,Homo sapiens,CaM kinase II,9606,,,IC50,uM,UO_0000065,,5.6
,2206812,[],CHEMBL989737,Inhibition of CAMK2a,B,BAO_0000034,BAO_0000357,single protein format,CCN(CC)CCNC(=O)c1c(C)[nH]c(\C=C\2/C(=O)Nc3ccc(F)cc23)c1C,,,CHEMBL1149823,Proc. Natl. Acad. Sci. U.S.A.,2007.0,"{'bei': '16.14', 'le': '0.3', 'lle': '3.1', 'sei': '8.33'}",CHEMBL535,SUNITINIB,CHEMBL535,6.43,False,http://www.openphacts.org/units/Nanomolar,718615,=,1,True,=,,Kd,nM,,370,CHEMBL4147,Homo sapiens,CaM kinase II alpha,9606,,,Kd,nM,UO_0000065,,370
,2901033,[],CHEMBL1062835,Binding constant for CAMK2A kinase domain,B,BAO_0000034,BAO_0000357,single protein format,CN1CC[C@@H]([C@H](O)C1)c2c(O)cc(O)c3C(=O)C=C(Oc23)c4ccccc4Cl,,,CHEMBL1150977,Nat. Biotechnol.,2008.0,"{'bei': '14.36', 'le': '0.28', 'lle': '2.47', 'sei': '6.13'}",CHEMBL428690,ALVOCIDIB,CHEMBL428690,5.77,True,http://www.openphacts.org/units/Nanomolar,845297,=,1,True,=,,Kd,nM,,1700,CHEMBL4147,Homo sapiens,CaM kinase II alpha,9606,,,Kd,nM,UO_0000065,,1700
,2901040,[],CHEMBL1062835,Binding constant for CAMK2A kinase domain,B,BAO_0000034,BAO_0000357,single protein format,CN(C)C[C@@H]1CCn2cc(C3=C(C(=O)NC3=O)c4cn(CCO1)c5ccccc45)c6ccccc26,,,CHEMBL1150977,Nat. Biotechnol.,2008.0,"{'bei': '11.41', 'le': '0.21', 'lle': '1.84', 'sei': '7.81'}",CHEMBL91829,RUBOXISTAURIN,CHEMBL91829,5.35,True,http://www.openphacts.org/units/Nanomolar,845304,=,1,True,=,,Kd,nM,,4500,CHEMBL4147,Homo sapiens,CaM kinase II alpha,9606,,,Kd,nM,UO_0000065,,4500
,2901044,[],CHEMBL1062835,Binding constant for CAMK2A kinase domain,B,BAO_0000034,BAO_0000357,single protein format,CO[C@@H]1[C@@H](C[C@H]2O[C@]1(C)n3c4ccccc4c5c6CNC(=O)c6c7c8ccccc8n2c7c35)N(C)C(=O)c9ccccc9,,,CHEMBL1150977,Nat. Biotechnol.,2008.0,"{'bei': '13.49', 'le': '0.24', 'lle': '1.79', 'sei': '9.9'}",CHEMBL608533,MIDOSTAURIN,CHEMBL608533,7.7,True,http://www.openphacts.org/units/Nanomolar,845308,=,1,True,=,,Kd,nM,,20,CHEMBL4147,Homo sapiens,CaM kinase II alpha,9606,,,Kd,nM,UO_0000065,,20
,2901051,[],CHEMBL1062835,Binding constant for CAMK2A kinase domain,B,BAO_0000034,BAO_0000357,single protein format,CN[C@@H]1C[C@H]2O[C@@](C)([C@@H]1OC)n3c4ccccc4c5c6CNC(=O)c6c7c8ccccc8n2c7c35,,,CHEMBL1150977,Nat. Biotechnol.,2008.0,"{'bei': '21', 'le': '0.38', 'lle': '5.45', 'sei': '14.1'}",CHEMBL388978,STAUROSPORINE,CHEMBL388978,9.8,True,http://www.openphacts.org/units/Nanomolar,845315,=,1,True,=,,Kd,nM,,0.16,CHEMBL4147,Homo sapiens,CaM kinase II alpha,9606,,,Kd,nM,UO_0000065,,0.16
,2901052,[],CHEMBL1062835,Binding constant for CAMK2A kinase domain,B,BAO_0000034,BAO_0000357,single protein format,Cc1[nH]c(\C=C\2/C(=O)Nc3ccc(F)cc23)c(C)c1C(=O)NC[C@H](O)CN4CCOCC4,,,CHEMBL1150977,Nat. Biotechnol.,2008.0,"{'bei': '14.59', 'le': '0.28', 'lle': '4.77', 'sei': '6.05'}",CHEMBL1721885,SU-014813,CHEMBL1721885,6.46,True,http://www.openphacts.org/units/Nanomolar,845316,=,1,True,=,,Kd,nM,,350,CHEMBL4147,Homo sapiens,CaM kinase II alpha,9606,,,Kd,nM,UO_0000065,,350
,2901053,[],CHEMBL1062835,Binding constant for CAMK2A kinase domain,B,BAO_0000034,BAO_0000357,single protein format,CCN(CC)CCNC(=O)c1c(C)[nH]c(\C=C\2/C(=O)Nc3ccc(F)cc23)c1C,,,CHEMBL1150977,Nat. Biotechnol.,2008.0,"{'bei': '17.81', 'le': '0.33', 'lle': '3.77', 'sei': '9.19'}",CHEMBL535,SUNITINIB,CHEMBL535,7.1,True,http://www.openphacts.org/units/Nanomolar,845317,=,1,True,=,,Kd,nM,,80,CHEMBL4147,Homo sapiens,CaM kinase II alpha,9606,,,Kd,nM,UO_0000065,,80
,3445050,[],CHEMBL1244748,Binding affinity to CAMK2A,B,BAO_0000034,BAO_0000357,single protein format,C[C@]12O[C@H](C[C@]1(O)CO)n3c4ccccc4c5c6C(=O)NCc6c7c8ccccc8n2c7c35,,,CHEMBL1240346,Blood,2009.0,"{'bei': '18.2', 'le': '0.33', 'lle': '4.53', 'sei': '9.02'}",CHEMBL603469,LESTAURTINIB,CHEMBL603469,8,True,http://www.openphacts.org/units/Nanomolar,952538,=,1,True,=,,Kd,nM,,10,CHEMBL4147,Homo sapiens,CaM kinase II alpha,9606,,,Kd,nM,UO_0000065,,10
,3449079,[],CHEMBL1244748,Binding affinity to CAMK2A,B,BAO_0000034,BAO_0000357,single protein format,CO[C@@H]1[C@@H](C[C@H]2O[C@]1(C)n3c4ccccc4c5c6CNC(=O)c6c7c8ccccc8n2c7c35)N(C)C(=O)c9ccccc9,,,CHEMBL1240346,Blood,2009.0,"{'bei': '13.49', 'le': '0.24', 'lle': '1.79', 'sei': '9.9'}",CHEMBL608533,MIDOSTAURIN,CHEMBL608533,7.7,True,http://www.openphacts.org/units/Nanomolar,951114,=,1,True,=,,Kd,nM,,20,CHEMBL4147,Homo sapiens,CaM kinase II alpha,9606,,,Kd,nM,UO_0000065,,20
,3449118,[],CHEMBL1244748,Binding affinity to CAMK2A,B,BAO_0000034,BAO_0000357,single protein format,CCN(CC)CCNC(=O)c1c(C)[nH]c(\C=C\2/C(=O)Nc3ccc(F)cc23)c1C,,,CHEMBL1240346,Blood,2009.0,"{'bei': '17.81', 'le': '0.33', 'lle': '3.77', 'sei': '9.19'}",CHEMBL535,SUNITINIB,CHEMBL535,7.1,True,http://www.openphacts.org/units/Nanomolar,952804,=,1,True,=,,Kd,nM,,80,CHEMBL4147,Homo sapiens,CaM kinase II alpha,9606,,,Kd,nM,UO_0000065,,80
,3449119,[],CHEMBL1244748,Binding affinity to CAMK2A,B,BAO_0000034,BAO_0000357,single protein format,CO[C@@H]1[C@@H](C[C@H]2O[C@]1(C)n3c4ccccc4c5c6[C@H](O)NC(=O)c6c7c8ccccc8n2c7c35)N(C)C(=O)c9ccccc9,,,CHEMBL1240346,Blood,2009.0,"{'bei': '10.5', 'le': '0.19', 'lle': '0.76', 'sei': '6.29'}",CHEMBL1240703,CGP-52421,CHEMBL1240703,6.16,False,http://www.openphacts.org/units/Nanomolar,951115,=,1,True,=,,Kd,nM,,690,CHEMBL4147,Homo sapiens,CaM kinase II alpha,9606,,,Kd,nM,UO_0000065,,690
,7567595,[],CHEMBL1908427,Binding constant for CAMK2A kinase domain,B,BAO_0000034,BAO_0000357,single protein format,Fc1ccc(C(=O)NOCC2CC2)c(Nc3ccc(I)cc3Cl)c1F,,,CHEMBL1908390,Nat. Biotechnol.,2011.0,"{'bei': '11.42', 'le': '0.3', 'lle': '0.43', 'sei': '10.86'}",CHEMBL105442,CI-1040,CHEMBL105442,5.47,False,http://www.openphacts.org/units/Nanomolar,1539357,=,1,True,=,,Kd,nM,,3400,CHEMBL4147,Homo sapiens,CaM kinase II alpha,9606,,,Kd,nM,UO_0000065,,3400
,7568966,[],CHEMBL1908427,Binding constant for CAMK2A kinase domain,B,BAO_0000034,BAO_0000357,single protein format,Cc1[nH]c(\C=C\2/C(=O)Nc3ccc(F)cc23)c(C)c1C(=O)NC[C@H](O)CN4CCOCC4,,,CHEMBL1908390,Nat. Biotechnol.,2011.0,"{'bei': '14.59', 'le': '0.28', 'lle': '4.77', 'sei': '6.05'}",CHEMBL1721885,SU-014813,CHEMBL1721885,6.46,False,http://www.openphacts.org/units/Nanomolar,1539399,=,1,True,=,,Kd,nM,,350,CHEMBL4147,Homo sapiens,CaM kinase II alpha,9606,,,Kd,nM,UO_0000065,,350
,7569569,[],CHEMBL1908427,Binding constant for CAMK2A kinase domain,B,BAO_0000034,BAO_0000357,single protein format,C[C@@H]1CCN(C[C@@H]1N(C)c2ncnc3[nH]ccc23)C(=O)CC#N,,,CHEMBL1908390,Nat. Biotechnol.,2011.0,"{'bei': '17.47', 'le': '0.32', 'lle': '3.92', 'sei': '6.14'}",CHEMBL221959,TOFACITINIB,CHEMBL221959,5.46,False,http://www.openphacts.org/units/Nanomolar,1539358,=,1,True,=,,Kd,nM,,3500,CHEMBL4147,Homo sapiens,CaM kinase II alpha,9606,,,Kd,nM,UO_0000065,,3500
,7570504,[],CHEMBL1908427,Binding constant for CAMK2A kinase domain,B,BAO_0000034,BAO_0000357,single protein format,Cc1[nH]c(\C=C\2/C(=O)Nc3ccc(cc23)S(=O)(=O)Cc4c(Cl)cccc4Cl)c(C)c1C(=O)N5CCC[C@@H]5CN6CCCC6,,,CHEMBL1908390,Nat. Biotechnol.,2011.0,"{'bei': '8.52', 'le': '0.17', 'lle': '-0.64', 'sei': '5.33'}",CHEMBL450786,PHA-665752,CHEMBL450786,5.47,False,http://www.openphacts.org/units/Nanomolar,1539386,=,1,True,=,,Kd,nM,,3400,CHEMBL4147,Homo sapiens,CaM kinase II alpha,9606,,,Kd,nM,UO_0000065,,3400
,7572018,[],CHEMBL1908427,Binding constant for CAMK2A kinase domain,B,BAO_0000034,BAO_0000357,single protein format,N#CC[C@H](C1CCCC1)n2cc(cn2)c3ncnc4[nH]ccc34,,,CHEMBL1908390,Nat. Biotechnol.,2011.0,"{'bei': '23.95', 'le': '0.44', 'lle': '3.87', 'sei': '8.82'}",CHEMBL1789941,RUXOLITINIB,CHEMBL1789941,7.34,False,http://www.openphacts.org/units/Nanomolar,1539373,=,1,True,=,,Kd,nM,,46,CHEMBL4147,Homo sapiens,CaM kinase II alpha,9606,,,Kd,nM,UO_0000065,,46
,7572455,[],CHEMBL1908427,Binding constant for CAMK2A kinase domain,B,BAO_0000034,BAO_0000357,single protein format,CCN(CC)CCNC(=O)c1c(C)[nH]c(\C=C\2/C(=O)Nc3ccc(F)cc23)c1C,,,CHEMBL1908390,Nat. Biotechnol.,2011.0,"{'bei': '17.81', 'le': '0.33', 'lle': '3.77', 'sei': '9.19'}",CHEMBL535,SUNITINIB,CHEMBL535,7.1,False,http://www.openphacts.org/units/Nanomolar,1539400,=,1,True,=,,Kd,nM,,80,CHEMBL4147,Homo sapiens,CaM kinase II alpha,9606,,,Kd,nM,UO_0000065,,80
,7573066,[],CHEMBL1908427,Binding constant for CAMK2A kinase domain,B,BAO_0000034,BAO_0000357,single protein format,CC[C@H]1N(C2CCCC2)c3nc(Nc4ccc(cc4OC)C(=O)NC5CCN(C)CC5)ncc3N(C)C1=O,,,CHEMBL1908390,Nat. Biotechnol.,2011.0,"{'bei': '11.28', 'le': '0.21', 'lle': '2.33', 'sei': '5.72'}",CHEMBL513909,BI-2536,CHEMBL513909,5.89,False,http://www.openphacts.org/units/Nanomolar,1539346,=,1,True,=,,Kd,nM,,1300,CHEMBL4147,Homo sapiens,CaM kinase II alpha,9606,,,Kd,nM,UO_0000065,,1300
,7574434,[],CHEMBL1908427,Binding constant for CAMK2A kinase domain,B,BAO_0000034,BAO_0000357,single protein format,COc1cc(ccc1Nc2ncc(Cl)c(Nc3ccccc3S(=O)(=O)C(C)C)n2)N4CCC(CC4)N5CCN(C)CC5,,,CHEMBL1908390,Nat. Biotechnol.,2011.0,"{'bei': '9.78', 'le': '0.2', 'lle': '0.99', 'sei': '5.84'}",CHEMBL509032,TAE-684,CHEMBL509032,6.01,False,http://www.openphacts.org/units/Nanomolar,1539401,=,1,True,=,,Kd,nM,,980,CHEMBL4147,Homo sapiens,CaM kinase II alpha,9606,,,Kd,nM,UO_0000065,,980
,7575044,[],CHEMBL1908427,Binding constant for CAMK2A kinase domain,B,BAO_0000034,BAO_0000357,single protein format,COC(=O)c1ccc2\C(=C(\Nc3ccc(cc3)N(C)C(=O)CN4CCN(C)CC4)/c5ccccc5)\C(=O)Nc2c1,,,CHEMBL1908390,Nat. Biotechnol.,2011.0,"{'bei': '10.09', 'le': '0.19', 'lle': '1.82', 'sei': '5.78'}",CHEMBL502835,NINTEDANIB,CHEMBL502835,5.44,False,http://www.openphacts.org/units/Nanomolar,1539347,=,1,True,=,,Kd,nM,,3600,CHEMBL4147,Homo sapiens,CaM kinase II alpha,9606,,,Kd,nM,UO_0000065,,3600
,7575999,[],CHEMBL1908427,Binding constant for CAMK2A kinase domain,B,BAO_0000034,BAO_0000357,single protein format,CO[C@@H]1[C@@H](C[C@H]2O[C@]1(C)n3c4ccccc4c5c6CNC(=O)c6c7c8ccccc8n2c7c35)N(C)C(=O)c9ccccc9,,,CHEMBL1908390,Nat. Biotechnol.,2011.0,"{'bei': '13.49', 'le': '0.24', 'lle': '1.79', 'sei': '9.9'}",CHEMBL608533,MIDOSTAURIN,CHEMBL608533,7.7,False,http://www.openphacts.org/units/Nanomolar,1539388,=,1,True,=,,Kd,nM,,20,CHEMBL4147,Homo sapiens,CaM kinase II alpha,9606,,,Kd,nM,UO_0000065,,20
,7578388,[],CHEMBL1908427,Binding constant for CAMK2A kinase domain,B,BAO_0000034,BAO_0000357,single protein format,Cc1cnc(Nc2ccc(OCCN3CCCC3)cc2)nc1Nc4cccc(c4)S(=O)(=O)NC(C)(C)C,,,CHEMBL1908390,Nat. Biotechnol.,2011.0,"{'bei': '12.43', 'le': '0.24', 'lle': '1.7', 'sei': '6.01'}",CHEMBL1287853,FEDRATINIB,CHEMBL1287853,6.52,False,http://www.openphacts.org/units/Nanomolar,1539403,=,1,True,=,,Kd,nM,,300,CHEMBL4147,Homo sapiens,CaM kinase II alpha,9606,,,Kd,nM,UO_0000065,,300
,7579882,[],CHEMBL1908427,Binding constant for CAMK2A kinase domain,B,BAO_0000034,BAO_0000357,single protein format,O=C(N1CCNCC1)c2ccc(\C=C\c3n[nH]c4ccccc34)cc2,,,CHEMBL1908390,Nat. Biotechnol.,2011.0,"{'bei': '16.24', 'le': '0.29', 'lle': '2.62', 'sei': '8.85'}",CHEMBL1908397,KW-2449,CHEMBL1908397,5.4,False,http://www.openphacts.org/units/Nanomolar,1539376,=,1,True,=,,Kd,nM,,4000,CHEMBL4147,Homo sapiens,CaM kinase II alpha,9606,,,Kd,nM,UO_0000065,,4000
,7580351,[],CHEMBL1908427,Binding constant for CAMK2A kinase domain,B,BAO_0000034,BAO_0000357,single protein format,CC(C)n1nc(c2cc3cc(O)ccc3[nH]2)c4c(N)ncnc14,,,CHEMBL1908390,Nat. Biotechnol.,2011.0,"{'bei': '17.03', 'le': '0.31', 'lle': '2.41', 'sei': '4.97'}",CHEMBL1241674,,CHEMBL1241674,5.25,False,http://www.openphacts.org/units/Nanomolar,1539390,=,1,True,=,,Kd,nM,,5600,CHEMBL4147,Homo sapiens,CaM kinase II alpha,9606,,,Kd,nM,UO_0000065,,5600
,7580942,[],CHEMBL1908427,Binding constant for CAMK2A kinase domain,B,BAO_0000034,BAO_0000357,single protein format,Cc1n[nH]c2ccc(cc12)c3cncc(OC[C@@H](N)Cc4ccccc4)c3,,,CHEMBL1908390,Nat. Biotechnol.,2011.0,"{'bei': '18.12', 'le': '0.33', 'lle': '2.61', 'sei': '8.45'}",CHEMBL379218,,CHEMBL379218,6.5,False,http://www.openphacts.org/units/Nanomolar,1539335,=,1,True,=,,Kd,nM,,320,CHEMBL4147,Homo sapiens,CaM kinase II alpha,9606,,,Kd,nM,UO_0000065,,320
,7581772,[],CHEMBL1908427,Binding constant for CAMK2A kinase domain,B,BAO_0000034,BAO_0000357,single protein format,CN1CC[C@@H]([C@H](O)C1)c2c(O)cc(O)c3C(=O)C=C(Oc23)c4ccccc4Cl,,,CHEMBL1908390,Nat. Biotechnol.,2011.0,"{'bei': '14.36', 'le': '0.28', 'lle': '2.47', 'sei': '6.13'}",CHEMBL428690,ALVOCIDIB,CHEMBL428690,5.77,False,http://www.openphacts.org/units/Nanomolar,1539363,=,1,True,=,,Kd,nM,,1700,CHEMBL4147,Homo sapiens,CaM kinase II alpha,9606,,,Kd,nM,UO_0000065,,1700
,7585063,[],CHEMBL1908427,Binding constant for CAMK2A kinase domain,B,BAO_0000034,BAO_0000357,single protein format,COc1cc(Nc2ncc(F)c(Nc3ccc4OC(C)(C)C(=O)Nc4n3)n2)cc(OC)c1OC,,,CHEMBL1908390,Nat. Biotechnol.,2011.0,"{'bei': '12.67', 'le': '0.24', 'lle': '2.33', 'sei': '4.63'}",CHEMBL475251,R-406,CHEMBL475251,5.96,False,http://www.openphacts.org/units/Nanomolar,1539392,=,1,True,=,,Kd,nM,,1100,CHEMBL4147,Homo sapiens,CaM kinase II alpha,9606,,,Kd,nM,UO_0000065,,1100
,7586943,[],CHEMBL1908427,Binding constant for CAMK2A kinase domain,B,BAO_0000034,BAO_0000357,single protein format,CN(C)C[C@@H]1CCn2cc(C3=C(C(=O)NC3=O)c4cn(CCO1)c5ccccc45)c6ccccc26,,,CHEMBL1908390,Nat. Biotechnol.,2011.0,"{'bei': '11.41', 'le': '0.21', 'lle': '1.84', 'sei': '7.81'}",CHEMBL91829,RUBOXISTAURIN,CHEMBL91829,5.35,False,http://www.openphacts.org/units/Nanomolar,1539379,=,1,True,=,,Kd,nM,,4500,CHEMBL4147,Homo sapiens,CaM kinase II alpha,9606,,,Kd,nM,UO_0000065,,4500
,7587397,[],CHEMBL1908427,Binding constant for CAMK2A kinase domain,B,BAO_0000034,BAO_0000357,single protein format,COc1ccc(F)c(F)c1C(=O)c2cnc(NC3CCN(CC3)S(=O)(=O)C)nc2N,,,CHEMBL1908390,Nat. Biotechnol.,2011.0,"{'bei': '12.91', 'le': '0.26', 'lle': '4.29', 'sei': '4.47'}",CHEMBL384304,RG-547,CHEMBL384304,5.7,False,http://www.openphacts.org/units/Nanomolar,1539393,=,1,True,=,,Kd,nM,,2000,CHEMBL4147,Homo sapiens,CaM kinase II alpha,9606,,,Kd,nM,UO_0000065,,2000
,7589968,[],CHEMBL1908427,Binding constant for CAMK2A kinase domain,B,BAO_0000034,BAO_0000357,single protein format,C[C@]12O[C@H](C[C@]1(O)CO)n3c4ccccc4c5c6C(=O)NCc6c7c8ccccc8n2c7c35,,,CHEMBL1908390,Nat. Biotechnol.,2011.0,"{'bei': '18.2', 'le': '0.33', 'lle': '4.53', 'sei': '9.02'}",CHEMBL603469,LESTAURTINIB,CHEMBL603469,8,False,http://www.openphacts.org/units/Nanomolar,1539353,=,1,True,=,,Kd,nM,,10,CHEMBL4147,Homo sapiens,CaM kinase II alpha,9606,,,Kd,nM,UO_0000065,,10
,7593949,[],CHEMBL1908427,Binding constant for CAMK2A kinase domain,B,BAO_0000034,BAO_0000357,single protein format,C[C@@H](Oc1cc(sc1C(=O)N)n2cnc3ccc(CN4CCN(C)CC4)cc23)c5ccccc5C(F)(F)F,,,CHEMBL1908390,Nat. Biotechnol.,2011.0,"{'bei': '11.04', 'le': '0.22', 'lle': '0.91', 'sei': '7.83'}",CHEMBL1908394,GSK-461364,CHEMBL1908394,6,False,http://www.openphacts.org/units/Nanomolar,1539368,=,1,True,=,,Kd,nM,,1000,CHEMBL4147,Homo sapiens,CaM kinase II alpha,9606,,,Kd,nM,UO_0000065,,1000
,7594874,[],CHEMBL1908427,Binding constant for CAMK2A kinase domain,B,BAO_0000034,BAO_0000357,single protein format,COc1cc(Nc2c(cnc3cc(OCCCN4CCN(C)CC4)c(OC)cc23)C#N)c(Cl)cc1Cl,,,CHEMBL1908390,Nat. Biotechnol.,2011.0,"{'bei': '10.08', 'le': '0.2', 'lle': '0.16', 'sei': '6.45'}",CHEMBL288441,BOSUTINIB,CHEMBL288441,5.35,False,http://www.openphacts.org/units/Nanomolar,1539396,=,1,True,=,,Kd,nM,,4500,CHEMBL4147,Homo sapiens,CaM kinase II alpha,9606,,,Kd,nM,UO_0000065,,4500
,7598820,[],CHEMBL1908427,Binding constant for CAMK2A kinase domain,B,BAO_0000034,BAO_0000357,single protein format,CN[C@@H]1C[C@H]2O[C@@](C)([C@@H]1OC)n3c4ccccc4c5c6CNC(=O)c6c7c8ccccc8n2c7c35,,,CHEMBL1908390,Nat. Biotechnol.,2011.0,"{'bei': '21', 'le': '0.38', 'lle': '5.45', 'sei': '14.1'}",CHEMBL388978,STAUROSPORINE,CHEMBL388978,9.8,False,http://www.openphacts.org/units/Nanomolar,1539398,=,1,True,=,,Kd,nM,,0.16,CHEMBL4147,Homo sapiens,CaM kinase II alpha,9606,,,Kd,nM,UO_0000065,,0.16
active,9511278,[],CHEMBL1964111,PUBCHEM_BIOASSAY: Navigating the Kinome. (Class of assay: other) Panel member name: CAMK2A,F,BAO_0000192,BAO_0000019,assay format,NC1=NC(=O)Nc2sccc12,,,CHEMBL1201862,,,,CHEMBL2007097,,CHEMBL2007097,4,False,http://www.openphacts.org/units/Nanomolar,1585483,=,7,True,=,,Ki,nM,,100000,CHEMBL4147,Homo sapiens,CaM kinase II alpha,9606,,,pKi,,UO_0000065,,4
active,9511283,[],CHEMBL1964111,PUBCHEM_BIOASSAY: Navigating the Kinome. (Class of assay: other) Panel member name: CAMK2A,F,BAO_0000192,BAO_0000019,assay format,COc1cc(ccc1Nc2ncc(Cl)c(Nc3ccccc3S(=O)(=O)C(C)C)n2)N4CCC(CC4)N5CCN(C)CC5,,,CHEMBL1201862,,,,CHEMBL509032,TAE-684,CHEMBL509032,6.2,False,http://www.openphacts.org/units/Nanomolar,1584480,=,7,True,=,,Ki,nM,,630.96,CHEMBL4147,Homo sapiens,CaM kinase II alpha,9606,,,pKi,,UO_0000065,,6.2
active,9511284,[],CHEMBL1964111,PUBCHEM_BIOASSAY: Navigating the Kinome. (Class of assay: other) Panel member name: CAMK2A,F,BAO_0000192,BAO_0000019,assay format,NC(COc1cncc(c1)c2ccc3NC(=O)C(=Cc4ccc[nH]4)c3c2)Cc5ccccc5,,,CHEMBL1201862,,,,CHEMBL1980407,,CHEMBL1980407,7.2,False,http://www.openphacts.org/units/Nanomolar,1584344,=,7,True,=,,Ki,nM,,63.1,CHEMBL4147,Homo sapiens,CaM kinase II alpha,9606,,,pKi,,UO_0000065,,7.2
active,9511291,[],CHEMBL1964111,PUBCHEM_BIOASSAY: Navigating the Kinome. (Class of assay: other) Panel member name: CAMK2A,F,BAO_0000192,BAO_0000019,assay format,COc1ccc(cc1)n2ccc3cnc(Nc4cc(OC)c(OC)c(OC)c4)nc23,,,CHEMBL1201862,,,,CHEMBL1975927,,CHEMBL1975927,5.3,False,http://www.openphacts.org/units/Nanomolar,1584526,=,7,True,=,,Ki,nM,,5011.87,CHEMBL4147,Homo sapiens,CaM kinase II alpha,9606,,,pKi,,UO_0000065,,5.3
active,9511292,[],CHEMBL1964111,PUBCHEM_BIOASSAY: Navigating the Kinome. (Class of assay: other) Panel member name: CAMK2A,F,BAO_0000192,BAO_0000019,assay format,OC1CCC(CC1)Nc2nc(Cl)cc(n2)c3c[nH]c4ncccc34,,,CHEMBL1201862,,,,CHEMBL1986943,,CHEMBL1986943,6.8,False,http://www.openphacts.org/units/Nanomolar,1584071,=,7,True,=,,Ki,nM,,158.49,CHEMBL4147,Homo sapiens,CaM kinase II alpha,9606,,,pKi,,UO_0000065,,6.8
active,9511293,[],CHEMBL1964111,PUBCHEM_BIOASSAY: Navigating the Kinome. (Class of assay: other) Panel member name: CAMK2A,F,BAO_0000192,BAO_0000019,assay format,CC(Nc1cncc(n1)n2cnc3ccc(cc23)C#N)c4ccccc4F,,,CHEMBL1201862,,,,CHEMBL1977138,,CHEMBL1977138,6.6,False,http://www.openphacts.org/units/Nanomolar,1584700,=,7,True,=,,Ki,nM,,251.19,CHEMBL4147,Homo sapiens,CaM kinase II alpha,9606,,,pKi,,UO_0000065,,6.6
active,9511295,[],CHEMBL1964111,PUBCHEM_BIOASSAY: Navigating the Kinome. (Class of assay: other) Panel member name: CAMK2A,F,BAO_0000192,BAO_0000019,assay format,Oc1ccc(cc1)c2ccc3C(=Cc4ccc[nH]4)C(=O)Nc3c2,,,CHEMBL1201862,,,,CHEMBL1980329,,CHEMBL1980329,5.6,False,http://www.openphacts.org/units/Nanomolar,1584993,=,7,True,=,,Ki,nM,,2511.89,CHEMBL4147,Homo sapiens,CaM kinase II alpha,9606,,,pKi,,UO_0000065,,5.6
active,9511296,[],CHEMBL1964111,PUBCHEM_BIOASSAY: Navigating the Kinome. (Class of assay: other) Panel member name: CAMK2A,F,BAO_0000192,BAO_0000019,assay format,C1Oc2ccc(cc2O1)c3ncnc4[nH]ccc34,,,CHEMBL1201862,,,,CHEMBL2004515,,CHEMBL2004515,5,False,http://www.openphacts.org/units/Nanomolar,1584971,=,7,True,=,,Ki,nM,,10000,CHEMBL4147,Homo sapiens,CaM kinase II alpha,9606,,,pKi,,UO_0000065,,5
active,9511299,[],CHEMBL1964111,PUBCHEM_BIOASSAY: Navigating the Kinome. (Class of assay: other) Panel member name: CAMK2A,F,BAO_0000192,BAO_0000019,assay format,CN1c2ccc(N)cc2C(c3ccccc3)c4cc(N)ccc14,,,CHEMBL1201862,,,,CHEMBL1991734,,CHEMBL1991734,6.3,False,http://www.openphacts.org/units/Nanomolar,1585250,=,7,True,=,,Ki,nM,,501.19,CHEMBL4147,Homo sapiens,CaM kinase II alpha,9606,,,pKi,,UO_0000065,,6.3
active,9511308,[],CHEMBL1964111,PUBCHEM_BIOASSAY: Navigating the Kinome. (Class of assay: other) Panel member name: CAMK2A,F,BAO_0000192,BAO_0000019,assay format,CCN(CC)CCNC(=O)c1cccc(c1)n2nc(cc2NC(=O)Nc3cccc4ccccc34)C(C)(C)C,,,CHEMBL1201862,,,,CHEMBL1970290,,CHEMBL1970290,5.4,False,http://www.openphacts.org/units/Nanomolar,1584708,=,7,True,=,,Ki,nM,,3981.07,CHEMBL4147,Homo sapiens,CaM kinase II alpha,9606,,,pKi,,UO_0000065,,5.4
active,9511312,[],CHEMBL1964111,PUBCHEM_BIOASSAY: Navigating the Kinome. (Class of assay: other) Panel member name: CAMK2A,F,BAO_0000192,BAO_0000019,assay format,CCOC(=O)Cc1nc2c3cc(Br)ccc3NC(=O)n2n1,,,CHEMBL1201862,,,,CHEMBL1974480,,CHEMBL1974480,5.7,False,http://www.openphacts.org/units/Nanomolar,1584859,=,7,True,=,,Ki,nM,,1995.26,CHEMBL4147,Homo sapiens,CaM kinase II alpha,9606,,,pKi,,UO_0000065,,5.7
active,9511314,[],CHEMBL1964111,PUBCHEM_BIOASSAY: Navigating the Kinome. (Class of assay: other) Panel member name: CAMK2A,F,BAO_0000192,BAO_0000019,assay format,Nc1ncnc2Nc3ccccc3NC(=O)c12,,,CHEMBL1201862,,,,CHEMBL1980671,,CHEMBL1980671,4.4,False,http://www.openphacts.org/units/Nanomolar,1584589,=,7,True,=,,Ki,nM,,39810.72,CHEMBL4147,Homo sapiens,CaM kinase II alpha,9606,,,pKi,,UO_0000065,,4.4
active,9511322,[],CHEMBL1964111,PUBCHEM_BIOASSAY: Navigating the Kinome. (Class of assay: other) Panel member name: CAMK2A,F,BAO_0000192,BAO_0000019,assay format,O=C1NC(=O)C(=C1c2c[nH]c3ccccc23)c4nc(nc5ccccc45)N6CCNCC6,,,CHEMBL1201862,,,,CHEMBL1996510,,CHEMBL1996510,6.3,False,http://www.openphacts.org/units/Nanomolar,1584939,=,7,True,=,,Ki,nM,,501.19,CHEMBL4147,Homo sapiens,CaM kinase II alpha,9606,,,pKi,,UO_0000065,,6.3
active,9511323,[],CHEMBL1964111,PUBCHEM_BIOASSAY: Navigating the Kinome. (Class of assay: other) Panel member name: CAMK2A,F,BAO_0000192,BAO_0000019,assay format,Cc1ccccc1c2c(nnn2Cc3ccccc3)c4ccc5[nH]nc(N)c5c4,,,CHEMBL1201862,,,,CHEMBL2000029,,CHEMBL2000029,6,False,http://www.openphacts.org/units/Nanomolar,1584367,=,7,True,=,,Ki,nM,,1000,CHEMBL4147,Homo sapiens,CaM kinase II alpha,9606,,,pKi,,UO_0000065,,6
active,9511327,[],CHEMBL1964111,PUBCHEM_BIOASSAY: Navigating the Kinome. (Class of assay: other) Panel member name: CAMK2A,F,BAO_0000192,BAO_0000019,assay format,CCN1CCN(CC1)c2ccc(Nc3ncc(Cl)c(Nc4ccc5[nH]ncc5c4)n3)cc2,,,CHEMBL1201862,,,,CHEMBL1967998,,CHEMBL1967998,5.4,False,http://www.openphacts.org/units/Nanomolar,1584481,=,7,True,=,,Ki,nM,,3981.07,CHEMBL4147,Homo sapiens,CaM kinase II alpha,9606,,,pKi,,UO_0000065,,5.4
active,9511331,[],CHEMBL1964111,PUBCHEM_BIOASSAY: Navigating the Kinome. (Class of assay: other) Panel member name: CAMK2A,F,BAO_0000192,BAO_0000019,assay format,OC(=O)c1csc2C(=O)NCCNc12,,,CHEMBL1201862,,,,CHEMBL1974875,,CHEMBL1974875,4.5,False,http://www.openphacts.org/units/Nanomolar,1585381,=,7,True,=,,Ki,nM,,31622.78,CHEMBL4147,Homo sapiens,CaM kinase II alpha,9606,,,pKi,,UO_0000065,,4.5
active,9511333,[],CHEMBL1964111,PUBCHEM_BIOASSAY: Navigating the Kinome. (Class of assay: other) Panel member name: CAMK2A,F,BAO_0000192,BAO_0000019,assay format,COc1cccc(OC)c1CNc2nc(NC3CCCCC3)nc4ccc(Cl)cc24,,,CHEMBL1201862,,,,CHEMBL1996646,,CHEMBL1996646,5.5,False,http://www.openphacts.org/units/Nanomolar,1585288,=,7,True,=,,Ki,nM,,3162.28,CHEMBL4147,Homo sapiens,CaM kinase II alpha,9606,,,pKi,,UO_0000065,,5.5
active,9511336,[],CHEMBL1964111,PUBCHEM_BIOASSAY: Navigating the Kinome. (Class of assay: other) Panel member name: CAMK2A,F,BAO_0000192,BAO_0000019,assay format,N#CCC(C1CCCC1)n2cc(cn2)c3ncnc4[nH]ccc34,,,CHEMBL1201862,,,,CHEMBL2002099,,CHEMBL2002099,6.5,False,http://www.openphacts.org/units/Nanomolar,1585155,=,7,True,=,,Ki,nM,,316.23,CHEMBL4147,Homo sapiens,CaM kinase II alpha,9606,,,pKi,,UO_0000065,,6.5
active,9511337,[],CHEMBL1964111,PUBCHEM_BIOASSAY: Navigating the Kinome. (Class of assay: other) Panel member name: CAMK2A,F,BAO_0000192,BAO_0000019,assay format,COc1cc(ccc1O)c2ccc3C(=O)Nc4cc(ccc4Nc3c2)C(=O)NCCCN(C)C,,,CHEMBL1201862,,,,CHEMBL1996702,,CHEMBL1996702,5.8,False,http://www.openphacts.org/units/Nanomolar,1584588,=,7,True,=,,Ki,nM,,1584.89,CHEMBL4147,Homo sapiens,CaM kinase II alpha,9606,,,pKi,,UO_0000065,,5.8
active,9511342,[],CHEMBL1964111,PUBCHEM_BIOASSAY: Navigating the Kinome. (Class of assay: other) Panel member name: CAMK2A,F,BAO_0000192,BAO_0000019,assay format,Clc1cc(nc(NC2CCCCC2)n1)c3c[nH]c4ncccc34,,,CHEMBL1201862,,,,CHEMBL2006439,,CHEMBL2006439,5.5,False,http://www.openphacts.org/units/Nanomolar,1584079,=,7,True,=,,Ki,nM,,3162.28,CHEMBL4147,Homo sapiens,CaM kinase II alpha,9606,,,pKi,,UO_0000065,,5.5
active,9511346,[],CHEMBL1964111,PUBCHEM_BIOASSAY: Navigating the Kinome. (Class of assay: other) Panel member name: CAMK2A,F,BAO_0000192,BAO_0000019,assay format,N#CCC(C1CCCC1)n2cc(cn2)c3ncnc4[nH]ccc34,,,CHEMBL1201862,,,,CHEMBL2002099,,CHEMBL2002099,6.8,False,http://www.openphacts.org/units/Nanomolar,1585158,=,7,True,=,,Ki,nM,,158.49,CHEMBL4147,Homo sapiens,CaM kinase II alpha,9606,,,pKi,,UO_0000065,,6.8
active,9511348,[],CHEMBL1964111,PUBCHEM_BIOASSAY: Navigating the Kinome. (Class of assay: other) Panel member name: CAMK2A,F,BAO_0000192,BAO_0000019,assay format,NC(=O)c1ccc(cc1)c2c[nH]c3nccc(Cl)c23,,,CHEMBL1201862,,,,CHEMBL1982711,,CHEMBL1982711,6.1,False,http://www.openphacts.org/units/Nanomolar,1584073,=,7,True,=,,Ki,nM,,794.33,CHEMBL4147,Homo sapiens,CaM kinase II alpha,9606,,,pKi,,UO_0000065,,6.1
active,9511349,[],CHEMBL1964111,PUBCHEM_BIOASSAY: Navigating the Kinome. (Class of assay: other) Panel member name: CAMK2A,F,BAO_0000192,BAO_0000019,assay format,Nc1ncnc2NCCC(=Nc12)c3ccccc3,,,CHEMBL1201862,,,,CHEMBL262623,,CHEMBL262623,4.5,False,http://www.openphacts.org/units/Nanomolar,1585390,=,7,True,=,,Ki,nM,,31622.78,CHEMBL4147,Homo sapiens,CaM kinase II alpha,9606,,,pKi,,UO_0000065,,4.5
active,9511354,[],CHEMBL1964111,PUBCHEM_BIOASSAY: Navigating the Kinome. (Class of assay: other) Panel member name: CAMK2A,F,BAO_0000192,BAO_0000019,assay format,COCOc1cccc(OCOC)c1c2ccc(NS(=O)(=O)C)cc2C(=O)OC,,,CHEMBL1201862,,,,CHEMBL2004025,,CHEMBL2004025,6,False,http://www.openphacts.org/units/Nanomolar,1585403,=,7,True,=,,Ki,nM,,1000,CHEMBL4147,Homo sapiens,CaM kinase II alpha,9606,,,pKi,,UO_0000065,,6
active,9511358,[],CHEMBL1964111,PUBCHEM_BIOASSAY: Navigating the Kinome. (Class of assay: other) Panel member name: CAMK2A,F,BAO_0000192,BAO_0000019,assay format,CC(C)(C)Nc1ncnc2[nH]cc(c3ccccc3)c12,,,CHEMBL1201862,,,,CHEMBL1995211,,CHEMBL1995211,5.8,False,http://www.openphacts.org/units/Nanomolar,1584089,=,7,True,=,,Ki,nM,,1584.89,CHEMBL4147,Homo sapiens,CaM kinase II alpha,9606,,,pKi,,UO_0000065,,5.8
active,9511364,[],CHEMBL1964111,PUBCHEM_BIOASSAY: Navigating the Kinome. (Class of assay: other) Panel member name: CAMK2A,F,BAO_0000192,BAO_0000019,assay format,Oc1cc(O)cc(C=Cc2ccc(O)c(O)c2)c1,,,CHEMBL1201862,,,,CHEMBL1972346,,CHEMBL1972346,6.1,False,http://www.openphacts.org/units/Nanomolar,1584989,=,7,True,=,,Ki,nM,,794.33,CHEMBL4147,Homo sapiens,CaM kinase II alpha,9606,,,pKi,,UO_0000065,,6.1
active,9511365,[],CHEMBL1964111,PUBCHEM_BIOASSAY: Navigating the Kinome. (Class of assay: other) Panel member name: CAMK2A,F,BAO_0000192,BAO_0000019,assay format,Nc1n[nH]c2cccc(c3ccc(F)cc3)c12,,,CHEMBL1201862,,,,CHEMBL1971519,,CHEMBL1971519,4.6,False,http://www.openphacts.org/units/Nanomolar,1584911,=,7,True,=,,Ki,nM,,25118.86,CHEMBL4147,Homo sapiens,CaM kinase II alpha,9606,,,pKi,,UO_0000065,,4.6
active,9511373,[],CHEMBL1964111,PUBCHEM_BIOASSAY: Navigating the Kinome. (Class of assay: other) Panel member name: CAMK2A,F,BAO_0000192,BAO_0000019,assay format,Nc1n[nH]c2nc(Cl)sc12,,,CHEMBL1201862,,,,CHEMBL1991867,,CHEMBL1991867,4.2,False,http://www.openphacts.org/units/Nanomolar,1585493,=,7,True,=,,Ki,nM,,63095.73,CHEMBL4147,Homo sapiens,CaM kinase II alpha,9606,,,pKi,,UO_0000065,,4.2
active,9511375,[],CHEMBL1964111,PUBCHEM_BIOASSAY: Navigating the Kinome. (Class of assay: other) Panel member name: CAMK2A,F,BAO_0000192,BAO_0000019,assay format,COc1c2C(=O)C=C(C)Oc2cc(O)c1c3nc4ccccc4[nH]3,,,CHEMBL1201862,,,,CHEMBL1972355,,CHEMBL1972355,6,False,http://www.openphacts.org/units/Nanomolar,1585486,=,7,True,=,,Ki,nM,,1000,CHEMBL4147,Homo sapiens,CaM kinase II alpha,9606,,,pKi,,UO_0000065,,6
active,9511377,[],CHEMBL1964111,PUBCHEM_BIOASSAY: Navigating the Kinome. (Class of assay: other) Panel member name: CAMK2A,F,BAO_0000192,BAO_0000019,assay format,CC(C)(O)c1cn(nn1)c2ccc3[nH]ncc3c2,,,CHEMBL1201862,,,,CHEMBL2001641,,CHEMBL2001641,4.2,False,http://www.openphacts.org/units/Nanomolar,1585177,=,7,True,=,,Ki,nM,,63095.73,CHEMBL4147,Homo sapiens,CaM kinase II alpha,9606,,,pKi,,UO_0000065,,4.2
active,9511379,[],CHEMBL1964111,PUBCHEM_BIOASSAY: Navigating the Kinome. (Class of assay: other) Panel member name: CAMK2A,F,BAO_0000192,BAO_0000019,assay format,Cc1ccc(s1)C2=C(C#N)C(=O)NC(=C2)c3cc(Br)ccc3O,,,CHEMBL1201862,,,,CHEMBL1997193,,CHEMBL1997193,5.8,False,http://www.openphacts.org/units/Nanomolar,1585108,=,7,True,=,,Ki,nM,,1584.89,CHEMBL4147,Homo sapiens,CaM kinase II alpha,9606,,,pKi,,UO_0000065,,5.8
active,9511386,[],CHEMBL1964111,PUBCHEM_BIOASSAY: Navigating the Kinome. (Class of assay: other) Panel member name: CAMK2A,F,BAO_0000192,BAO_0000019,assay format,CCNc1nc(C)c(s1)c2ccnc(Nc3ccc(cc3)N4CCN(CC4)C(=O)C)n2,,,CHEMBL1201862,,,,CHEMBL1983715,,CHEMBL1983715,5.7,False,http://www.openphacts.org/units/Nanomolar,1584286,=,7,True,=,,Ki,nM,,1995.26,CHEMBL4147,Homo sapiens,CaM kinase II alpha,9606,,,pKi,,UO_0000065,,5.7
active,9511389,[],CHEMBL1964111,PUBCHEM_BIOASSAY: Navigating the Kinome. (Class of assay: other) Panel member name: CAMK2A,F,BAO_0000192,BAO_0000019,assay format,CC(N)C1CCC(CC1)C(=O)Nc2ccnc3[nH]ccc23,,,CHEMBL1201862,,,,CHEMBL2002992,,CHEMBL2002992,5.4,False,http://www.openphacts.org/units/Nanomolar,1585496,=,7,True,=,,Ki,nM,,3981.07,CHEMBL4147,Homo sapiens,CaM kinase II alpha,9606,,,pKi,,UO_0000065,,5.4
active,9515309,[],CHEMBL1964111,PUBCHEM_BIOASSAY: Navigating the Kinome. (Class of assay: other) Panel member name: CAMK2A,F,BAO_0000192,BAO_0000019,assay format,CC(=O)c1ccccc1c2ncnc3[nH]ccc23,,,CHEMBL1201862,,,,CHEMBL1977931,,CHEMBL1977931,4.1,False,http://www.openphacts.org/units/Nanomolar,1585156,=,7,True,=,,Ki,nM,,79432.82,CHEMBL4147,Homo sapiens,CaM kinase II alpha,9606,,,pKi,,UO_0000065,,4.1
active,9515312,[],CHEMBL1964111,PUBCHEM_BIOASSAY: Navigating the Kinome. (Class of assay: other) Panel member name: CAMK2A,F,BAO_0000192,BAO_0000019,assay format,C1CCN(CC1)c2ncnc3[nH]cc(c4ccccc4)c23,,,CHEMBL1201862,,,,CHEMBL1998953,,CHEMBL1998953,5.7,False,http://www.openphacts.org/units/Nanomolar,1584385,=,7,True,=,,Ki,nM,,1995.26,CHEMBL4147,Homo sapiens,CaM kinase II alpha,9606,,,pKi,,UO_0000065,,5.7
active,9515316,[],CHEMBL1964111,PUBCHEM_BIOASSAY: Navigating the Kinome. (Class of assay: other) Panel member name: CAMK2A,F,BAO_0000192,BAO_0000019,assay format,CC(C)C1=CC(=O)NC2=C1C(=O)NN2,,,CHEMBL1201862,,,,CHEMBL1999120,,CHEMBL1999120,4.2,False,http://www.openphacts.org/units/Nanomolar,1585344,=,7,True,=,,Ki,nM,,63095.73,CHEMBL4147,Homo sapiens,CaM kinase II alpha,9606,,,pKi,,UO_0000065,,4.2
active,9515319,[],CHEMBL1964111,PUBCHEM_BIOASSAY: Navigating the Kinome. (Class of assay: other) Panel member name: CAMK2A,F,BAO_0000192,BAO_0000019,assay format,NC1CCC(CC1)Nc2nc(Cl)cc(n2)c3c[nH]c4ncccc34,,,CHEMBL1201862,,,,CHEMBL1973720,,CHEMBL1973720,6.7,False,http://www.openphacts.org/units/Nanomolar,1584072,=,7,True,=,,Ki,nM,,199.53,CHEMBL4147,Homo sapiens,CaM kinase II alpha,9606,,,pKi,,UO_0000065,,6.7
active,9515327,[],CHEMBL1964111,PUBCHEM_BIOASSAY: Navigating the Kinome. (Class of assay: other) Panel member name: CAMK2A,F,BAO_0000192,BAO_0000019,assay format,Nc1noc2cccc(c3cccc(O)c3)c12,,,CHEMBL1201862,,,,CHEMBL1970340,,CHEMBL1970340,4.3,False,http://www.openphacts.org/units/Nanomolar,1585461,=,7,True,=,,Ki,nM,,50118.72,CHEMBL4147,Homo sapiens,CaM kinase II alpha,9606,,,pKi,,UO_0000065,,4.3
active,9515340,[],CHEMBL1964111,PUBCHEM_BIOASSAY: Navigating the Kinome. (Class of assay: other) Panel member name: CAMK2A,F,BAO_0000192,BAO_0000019,assay format,CCOC(=O)c1nc2C(=O)Nc3cc(c(NC(=O)C)cc3n2c1C)[N+](=O)[O-],,,CHEMBL1201862,,,,CHEMBL1997611,,CHEMBL1997611,5.4,False,http://www.openphacts.org/units/Nanomolar,1585546,=,7,True,=,,Ki,nM,,3981.07,CHEMBL4147,Homo sapiens,CaM kinase II alpha,9606,,,pKi,,UO_0000065,,5.4
active,9515342,[],CHEMBL1964111,PUBCHEM_BIOASSAY: Navigating the Kinome. (Class of assay: other) Panel member name: CAMK2A,F,BAO_0000192,BAO_0000019,assay format,CC(=O)Nc1ccc(cc1)n2nc3ccc(N)nc3n2,,,CHEMBL1201862,,,,CHEMBL2002723,,CHEMBL2002723,5.9,False,http://www.openphacts.org/units/Nanomolar,1585502,=,7,True,=,,Ki,nM,,1258.93,CHEMBL4147,Homo sapiens,CaM kinase II alpha,9606,,,pKi,,UO_0000065,,5.9
active,9515343,[],CHEMBL1964111,PUBCHEM_BIOASSAY: Navigating the Kinome. (Class of assay: other) Panel member name: CAMK2A,F,BAO_0000192,BAO_0000019,assay format,NC1CCC(CC1)Nc2nc(Cl)cc(n2)c3c[nH]c4ncccc34,,,CHEMBL1201862,,,,CHEMBL1973720,,CHEMBL1973720,6.7,False,http://www.openphacts.org/units/Nanomolar,1584082,=,7,True,=,,Ki,nM,,199.53,CHEMBL4147,Homo sapiens,CaM kinase II alpha,9606,,,pKi,,UO_0000065,,6.7
active,9515347,[],CHEMBL1964111,PUBCHEM_BIOASSAY: Navigating the Kinome. (Class of assay: other) Panel member name: CAMK2A,F,BAO_0000192,BAO_0000019,assay format,CN1CCN(CC1)c2ccc(Nc3ncc(F)c(NC4C5CC(C=C5)C4C(=O)N)n3)cc2C,,,CHEMBL1201862,,,,CHEMBL1967878,CENISERTIB,CHEMBL1967878,5.7,False,http://www.openphacts.org/units/Nanomolar,1584284,=,7,True,=,,Ki,nM,,1995.26,CHEMBL4147,Homo sapiens,CaM kinase II alpha,9606,,,pKi,,UO_0000065,,5.7
active,9515348,[],CHEMBL1964111,PUBCHEM_BIOASSAY: Navigating the Kinome. (Class of assay: other) Panel member name: CAMK2A,F,BAO_0000192,BAO_0000019,assay format,CCC1CC(CC1c2ncc3cnc4[nH]ccc4n23)NS(=O)(=O)C5CC5,,,CHEMBL1201862,,,,CHEMBL1992073,,CHEMBL1992073,5.6,False,http://www.openphacts.org/units/Nanomolar,1584799,=,7,True,=,,Ki,nM,,2511.89,CHEMBL4147,Homo sapiens,CaM kinase II alpha,9606,,,pKi,,UO_0000065,,5.6
active,9515352,[],CHEMBL1964111,PUBCHEM_BIOASSAY: Navigating the Kinome. (Class of assay: other) Panel member name: CAMK2A,F,BAO_0000192,BAO_0000019,assay format,Nc1ncnc2sccc12,,,CHEMBL1201862,,,,CHEMBL1972934,,CHEMBL1972934,4.2,False,http://www.openphacts.org/units/Nanomolar,1585164,=,7,True,=,,Ki,nM,,63095.73,CHEMBL4147,Homo sapiens,CaM kinase II alpha,9606,,,pKi,,UO_0000065,,4.2
active,9515354,[],CHEMBL1964111,PUBCHEM_BIOASSAY: Navigating the Kinome. (Class of assay: other) Panel member name: CAMK2A,F,BAO_0000192,BAO_0000019,assay format,FC(F)Sc1ccc(NC(=O)Cc2ccc(cc2)c3cccnc3)cc1,,,CHEMBL1201862,,,,CHEMBL1992581,,CHEMBL1992581,5.4,False,http://www.openphacts.org/units/Nanomolar,1585208,=,7,True,=,,Ki,nM,,3981.07,CHEMBL4147,Homo sapiens,CaM kinase II alpha,9606,,,pKi,,UO_0000065,,5.4
active,9515362,[],CHEMBL1964111,PUBCHEM_BIOASSAY: Navigating the Kinome. (Class of assay: other) Panel member name: CAMK2A,F,BAO_0000192,BAO_0000019,assay format,NC(=O)c1cc2ccncc2s1,,,CHEMBL1201862,,,,CHEMBL1971534,,CHEMBL1971534,4.1,False,http://www.openphacts.org/units/Nanomolar,1584922,=,7,True,=,,Ki,nM,,79432.82,CHEMBL4147,Homo sapiens,CaM kinase II alpha,9606,,,pKi,,UO_0000065,,4.1
active,9515370,[],CHEMBL1964111,PUBCHEM_BIOASSAY: Navigating the Kinome. (Class of assay: other) Panel member name: CAMK2A,F,BAO_0000192,BAO_0000019,assay format,Clc1ccc(cc1)C2CC(=C(C#N)C(=O)C2C(=O)c3ccccc3)c4ccccc4,,,CHEMBL1201862,,,,CHEMBL1978371,,CHEMBL1978371,5.5,False,http://www.openphacts.org/units/Nanomolar,1585385,=,7,True,=,,Ki,nM,,3162.28,CHEMBL4147,Homo sapiens,CaM kinase II alpha,9606,,,pKi,,UO_0000065,,5.5
active,9515373,[],CHEMBL1964111,PUBCHEM_BIOASSAY: Navigating the Kinome. (Class of assay: other) Panel member name: CAMK2A,F,BAO_0000192,BAO_0000019,assay format,Cc1cccc(NC(=O)Nc2ccc(cc2)c3csc4c(cnc(N)c34)C#CCCCCCCCCN)c1,,,CHEMBL1201862,,,,CHEMBL1978166,,CHEMBL1978166,5.8,False,http://www.openphacts.org/units/Nanomolar,1584153,=,7,True,=,,Ki,nM,,1584.89,CHEMBL4147,Homo sapiens,CaM kinase II alpha,9606,,,pKi,,UO_0000065,,5.8
active,9515377,[],CHEMBL1964111,PUBCHEM_BIOASSAY: Navigating the Kinome. (Class of assay: other) Panel member name: CAMK2A,F,BAO_0000192,BAO_0000019,assay format,OCc1cc(on1)c2ccc3[nH]ncc3c2,,,CHEMBL1201862,,,,CHEMBL1974617,,CHEMBL1974617,4.1,False,http://www.openphacts.org/units/Nanomolar,1584388,=,7,True,=,,Ki,nM,,79432.82,CHEMBL4147,Homo sapiens,CaM kinase II alpha,9606,,,pKi,,UO_0000065,,4.1
active,9515380,[],CHEMBL1964111,PUBCHEM_BIOASSAY: Navigating the Kinome. (Class of assay: other) Panel member name: CAMK2A,F,BAO_0000192,BAO_0000019,assay format,COc1cc(Nc2ncnc(n2)N3CCCc4cc(C)ccc34)cc(OC)c1OC,,,CHEMBL1201862,,,,CHEMBL1992125,,CHEMBL1992125,5.4,False,http://www.openphacts.org/units/Nanomolar,1585095,=,7,True,=,,Ki,nM,,3981.07,CHEMBL4147,Homo sapiens,CaM kinase II alpha,9606,,,pKi,,UO_0000065,,5.4
active,9515386,[],CHEMBL1964111,PUBCHEM_BIOASSAY: Navigating the Kinome. (Class of assay: other) Panel member name: CAMK2A,F,BAO_0000192,BAO_0000019,assay format,C1Cc2sccc2c3[nH]ncc13,,,CHEMBL1201862,,,,CHEMBL2001539,,CHEMBL2001539,4.3,False,http://www.openphacts.org/units/Nanomolar,1585462,=,7,True,=,,Ki,nM,,50118.72,CHEMBL4147,Homo sapiens,CaM kinase II alpha,9606,,,pKi,,UO_0000065,,4.3
active,9515387,[],CHEMBL1964111,PUBCHEM_BIOASSAY: Navigating the Kinome. (Class of assay: other) Panel member name: CAMK2A,F,BAO_0000192,BAO_0000019,assay format,CNC1CC2OC(C)(C1OC)n3c4ccccc4c5c6CNC(=O)c6c7c8ccccc8n2c7c35,,,CHEMBL1201862,,,,CHEMBL1980995,,CHEMBL1980995,8.5,False,http://www.openphacts.org/units/Nanomolar,1585413,=,7,True,=,,Ki,nM,,3.162,CHEMBL4147,Homo sapiens,CaM kinase II alpha,9606,,,pKi,,UO_0000065,,8.5
active,9515388,[],CHEMBL1964111,PUBCHEM_BIOASSAY: Navigating the Kinome. (Class of assay: other) Panel member name: CAMK2A,F,BAO_0000192,BAO_0000019,assay format,Cc1cc(ccc1F)c2ncnc3[nH]ccc23,,,CHEMBL1201862,,,,CHEMBL1997041,,CHEMBL1997041,4.8,False,http://www.openphacts.org/units/Nanomolar,1585157,=,7,True,=,,Ki,nM,,15848.93,CHEMBL4147,Homo sapiens,CaM kinase II alpha,9606,,,pKi,,UO_0000065,,4.8
active,9515389,[],CHEMBL1964111,PUBCHEM_BIOASSAY: Navigating the Kinome. (Class of assay: other) Panel member name: CAMK2A,F,BAO_0000192,BAO_0000019,assay format,COc1cc(ccc1O)c2ccc3C(=O)Nc4cccc(O)c4Nc3c2,,,CHEMBL1201862,,,,CHEMBL550418,,CHEMBL550418,5.4,False,http://www.openphacts.org/units/Nanomolar,1584590,=,7,True,=,,Ki,nM,,3981.07,CHEMBL4147,Homo sapiens,CaM kinase II alpha,9606,,,pKi,,UO_0000065,,5.4
active,9515390,[],CHEMBL1964111,PUBCHEM_BIOASSAY: Navigating the Kinome. (Class of assay: other) Panel member name: CAMK2A,F,BAO_0000192,BAO_0000019,assay format,Oc1[nH]c2ccc(cc2c1c3ccc(CN4CCOCC4)cn3)C#N,,,CHEMBL1201862,,,,CHEMBL1969664,AZD-1080,CHEMBL1969664,5.2,False,http://www.openphacts.org/units/Nanomolar,1585045,=,7,True,=,,Ki,nM,,6309.57,CHEMBL4147,Homo sapiens,CaM kinase II alpha,9606,,,pKi,,UO_0000065,,5.2
active,9515394,[],CHEMBL1964111,PUBCHEM_BIOASSAY: Navigating the Kinome. (Class of assay: other) Panel member name: CAMK2A,F,BAO_0000192,BAO_0000019,assay format,O=C(Cc1cccs1)Nc2nc3ccccc3s2,,,CHEMBL1201862,,,,CHEMBL1421720,,CHEMBL1421720,5.5,False,http://www.openphacts.org/units/Nanomolar,1584586,=,7,True,=,,Ki,nM,,3162.28,CHEMBL4147,Homo sapiens,CaM kinase II alpha,9606,,,pKi,,UO_0000065,,5.5
active,9515396,[],CHEMBL1964111,PUBCHEM_BIOASSAY: Navigating the Kinome. (Class of assay: other) Panel member name: CAMK2A,F,BAO_0000192,BAO_0000019,assay format,Nc1nnc2cncc(Cl)n12,,,CHEMBL1201862,,,,CHEMBL1968130,,CHEMBL1968130,4.7,False,http://www.openphacts.org/units/Nanomolar,1585534,=,7,True,=,,Ki,nM,,19952.62,CHEMBL4147,Homo sapiens,CaM kinase II alpha,9606,,,pKi,,UO_0000065,,4.7
active,9515402,[],CHEMBL1964111,PUBCHEM_BIOASSAY: Navigating the Kinome. (Class of assay: other) Panel member name: CAMK2A,F,BAO_0000192,BAO_0000019,assay format,Clc1cccc2C(=O)NC=Nc12,,,CHEMBL1201862,,,,CHEMBL1949855,,CHEMBL1949855,4.8,False,http://www.openphacts.org/units/Nanomolar,1585188,=,7,True,=,,Ki,nM,,15848.93,CHEMBL4147,Homo sapiens,CaM kinase II alpha,9606,,,pKi,,UO_0000065,,4.8
active,9515403,[],CHEMBL1964111,PUBCHEM_BIOASSAY: Navigating the Kinome. (Class of assay: other) Panel member name: CAMK2A,F,BAO_0000192,BAO_0000019,assay format,CCN(CC)CCNC(=O)c1c(C)[nH]c(C=C2C(=O)Nc3ccc(F)cc23)c1C,,,CHEMBL1201862,,,,CHEMBL1990885,,CHEMBL1990885,6.8,False,http://www.openphacts.org/units/Nanomolar,1585552,=,7,True,=,,Ki,nM,,158.49,CHEMBL4147,Homo sapiens,CaM kinase II alpha,9606,,,pKi,,UO_0000065,,6.8
active,9515408,[],CHEMBL1964111,PUBCHEM_BIOASSAY: Navigating the Kinome. (Class of assay: other) Panel member name: CAMK2A,F,BAO_0000192,BAO_0000019,assay format,Clc1cccc(Nc2nc(nc(n2)n3cccn3)N4CCOCC4)c1,,,CHEMBL1201862,,,,CHEMBL1940137,,CHEMBL1940137,5.6,False,http://www.openphacts.org/units/Nanomolar,1585528,=,7,True,=,,Ki,nM,,2511.89,CHEMBL4147,Homo sapiens,CaM kinase II alpha,9606,,,pKi,,UO_0000065,,5.6
active,9515411,[],CHEMBL1964111,PUBCHEM_BIOASSAY: Navigating the Kinome. (Class of assay: other) Panel member name: CAMK2A,F,BAO_0000192,BAO_0000019,assay format,NC(=O)c1ccc2nc(cn2c1)c3oc(cc3)[N+](=O)[O-],,,CHEMBL1201862,,,,CHEMBL1973359,,CHEMBL1973359,6.7,False,http://www.openphacts.org/units/Nanomolar,1585550,=,7,True,=,,Ki,nM,,199.53,CHEMBL4147,Homo sapiens,CaM kinase II alpha,9606,,,pKi,,UO_0000065,,6.7
active,9515412,[],CHEMBL1964111,PUBCHEM_BIOASSAY: Navigating the Kinome. (Class of assay: other) Panel member name: CAMK2A,F,BAO_0000192,BAO_0000019,assay format,CN(C)CC1=C(O)C2=NC(=CC(=O)N2C=C1)C,,,CHEMBL1201862,,,,CHEMBL1988581,,CHEMBL1988581,7.4,False,http://www.openphacts.org/units/Nanomolar,1585521,=,7,True,=,,Ki,nM,,39.81,CHEMBL4147,Homo sapiens,CaM kinase II alpha,9606,,,pKi,,UO_0000065,,7.4
active,9515415,[],CHEMBL1964111,PUBCHEM_BIOASSAY: Navigating the Kinome. (Class of assay: other) Panel member name: CAMK2A,F,BAO_0000192,BAO_0000019,assay format,OC1CCC(CC1)Nc2nc(Cl)cc(n2)c3c[nH]c4ncccc34,,,CHEMBL1201862,,,,CHEMBL1986943,,CHEMBL1986943,6.8,False,http://www.openphacts.org/units/Nanomolar,1584075,=,7,True,=,,Ki,nM,,158.49,CHEMBL4147,Homo sapiens,CaM kinase II alpha,9606,,,pKi,,UO_0000065,,6.8
active,9515418,[],CHEMBL1964111,PUBCHEM_BIOASSAY: Navigating the Kinome. (Class of assay: other) Panel member name: CAMK2A,F,BAO_0000192,BAO_0000019,assay format,Cc1cccc(NC(=O)Nc2ccc(cc2)c3csc4c(cnc(N)c34)C#CCCCCCCCCN)c1,,,CHEMBL1201862,,,,CHEMBL1978166,,CHEMBL1978166,5.8,False,http://www.openphacts.org/units/Nanomolar,1584207,=,7,True,=,,Ki,nM,,1584.89,CHEMBL4147,Homo sapiens,CaM kinase II alpha,9606,,,pKi,,UO_0000065,,5.8
active,9515424,[],CHEMBL1964111,PUBCHEM_BIOASSAY: Navigating the Kinome. (Class of assay: other) Panel member name: CAMK2A,F,BAO_0000192,BAO_0000019,assay format,Oc1c(Br)cc(C=NNC(=O)Nc2ccccc2)cc1Br,,,CHEMBL1201862,,,,CHEMBL1983575,,CHEMBL1983575,5.8,False,http://www.openphacts.org/units/Nanomolar,1584323,=,7,True,=,,Ki,nM,,1584.89,CHEMBL4147,Homo sapiens,CaM kinase II alpha,9606,,,pKi,,UO_0000065,,5.8
active,9515433,[],CHEMBL1964111,PUBCHEM_BIOASSAY: Navigating the Kinome. (Class of assay: other) Panel member name: CAMK2A,F,BAO_0000192,BAO_0000019,assay format,COc1ccccc1c2ccnc(Nc3cccc(c3)S(=O)(=O)C)n2,,,CHEMBL1201862,,,,CHEMBL1975903,,CHEMBL1975903,6,False,http://www.openphacts.org/units/Nanomolar,1584683,=,7,True,=,,Ki,nM,,1000,CHEMBL4147,Homo sapiens,CaM kinase II alpha,9606,,,pKi,,UO_0000065,,6
active,9515434,[],CHEMBL1964111,PUBCHEM_BIOASSAY: Navigating the Kinome. (Class of assay: other) Panel member name: CAMK2A,F,BAO_0000192,BAO_0000019,assay format,Cc1nc(N)sc1c2ccnc(Nc3ccc(cc3)N4CCOCC4)n2,,,CHEMBL1201862,,,,CHEMBL482967,CYC-116,CHEMBL482967,5.3,False,http://www.openphacts.org/units/Nanomolar,1584285,=,7,True,=,,Ki,nM,,5011.87,CHEMBL4147,Homo sapiens,CaM kinase II alpha,9606,,,pKi,,UO_0000065,,5.3
active,9515441,[],CHEMBL1964111,PUBCHEM_BIOASSAY: Navigating the Kinome. (Class of assay: other) Panel member name: CAMK2A,F,BAO_0000192,BAO_0000019,assay format,NC1=CC(=O)NN1c2ccccn2,,,CHEMBL1201862,,,,CHEMBL1995765,,CHEMBL1995765,4.8,False,http://www.openphacts.org/units/Nanomolar,1585179,=,7,True,=,,Ki,nM,,15848.93,CHEMBL4147,Homo sapiens,CaM kinase II alpha,9606,,,pKi,,UO_0000065,,4.8
active,9515450,[],CHEMBL1964111,PUBCHEM_BIOASSAY: Navigating the Kinome. (Class of assay: other) Panel member name: CAMK2A,F,BAO_0000192,BAO_0000019,assay format,CC(=O)NCC(=O)N1C2CCC1c3cc(Nc4ncc(c(NC5CCC5)n4)C(F)(F)F)ccc23,,,CHEMBL1201862,,,,CHEMBL1983111,,CHEMBL1983111,5.5,False,http://www.openphacts.org/units/Nanomolar,1584621,=,7,True,=,,Ki,nM,,3162.28,CHEMBL4147,Homo sapiens,CaM kinase II alpha,9606,,,pKi,,UO_0000065,,5.5
active,9515451,[],CHEMBL1964111,PUBCHEM_BIOASSAY: Navigating the Kinome. (Class of assay: other) Panel member name: CAMK2A,F,BAO_0000192,BAO_0000019,assay format,CCC(=O)Nc1ccc(C(=O)N2CCNCC2)c(O)c1,,,CHEMBL1201862,,,,CHEMBL1988141,,CHEMBL1988141,6.8,False,http://www.openphacts.org/units/Nanomolar,1585434,=,7,True,=,,Ki,nM,,158.49,CHEMBL4147,Homo sapiens,CaM kinase II alpha,9606,,,pKi,,UO_0000065,,6.8
active,9515456,[],CHEMBL1964111,PUBCHEM_BIOASSAY: Navigating the Kinome. (Class of assay: other) Panel member name: CAMK2A,F,BAO_0000192,BAO_0000019,assay format,COc1ccc(cc1OC)C(=O)Nc2n[nH]c3ccc(cc23)c4cn(Cc5ccccc5)nn4,,,CHEMBL1201862,,,,CHEMBL1991078,,CHEMBL1991078,6.4,False,http://www.openphacts.org/units/Nanomolar,1584387,=,7,True,=,,Ki,nM,,398.11,CHEMBL4147,Homo sapiens,CaM kinase II alpha,9606,,,pKi,,UO_0000065,,6.4
active,9515458,[],CHEMBL1964111,PUBCHEM_BIOASSAY: Navigating the Kinome. (Class of assay: other) Panel member name: CAMK2A,F,BAO_0000192,BAO_0000019,assay format,COc1ccc(c2ccc(N)cc2)c3cnoc13,,,CHEMBL1201862,,,,CHEMBL2002450,,CHEMBL2002450,4.1,False,http://www.openphacts.org/units/Nanomolar,1585338,=,7,True,=,,Ki,nM,,79432.82,CHEMBL4147,Homo sapiens,CaM kinase II alpha,9606,,,pKi,,UO_0000065,,4.1
active,9515459,[],CHEMBL1964111,PUBCHEM_BIOASSAY: Navigating the Kinome. (Class of assay: other) Panel member name: CAMK2A,F,BAO_0000192,BAO_0000019,assay format,Nc1ncnc2scc(c3ccccc3)c12,,,CHEMBL1201862,,,,CHEMBL1975212,,CHEMBL1975212,4.7,False,http://www.openphacts.org/units/Nanomolar,1584736,=,7,True,=,,Ki,nM,,19952.62,CHEMBL4147,Homo sapiens,CaM kinase II alpha,9606,,,pKi,,UO_0000065,,4.7
active,9515460,[],CHEMBL1964111,PUBCHEM_BIOASSAY: Navigating the Kinome. (Class of assay: other) Panel member name: CAMK2A,F,BAO_0000192,BAO_0000019,assay format,Brc1ccc2NNC(=O)c2c1,,,CHEMBL1201862,,,,CHEMBL2001613,,CHEMBL2001613,4.5,False,http://www.openphacts.org/units/Nanomolar,1584324,=,7,True,=,,Ki,nM,,31622.78,CHEMBL4147,Homo sapiens,CaM kinase II alpha,9606,,,pKi,,UO_0000065,,4.5
active,9515463,[],CHEMBL1964111,PUBCHEM_BIOASSAY: Navigating the Kinome. (Class of assay: other) Panel member name: CAMK2A,F,BAO_0000192,BAO_0000019,assay format,CN1CCN(CC1)c2nc(C3=C(C(=O)NC3=O)c4c[nH]c5ccccc45)c6ccccc6n2,,,CHEMBL1201862,,,,CHEMBL565612,SOTRASTAURIN,CHEMBL565612,5.5,False,http://www.openphacts.org/units/Nanomolar,1584938,=,7,True,=,,Ki,nM,,3162.28,CHEMBL4147,Homo sapiens,CaM kinase II alpha,9606,,,pKi,,UO_0000065,,5.5
active,9515472,[],CHEMBL1964111,PUBCHEM_BIOASSAY: Navigating the Kinome. (Class of assay: other) Panel member name: CAMK2A,F,BAO_0000192,BAO_0000019,assay format,CN(Cc1cc(Cl)c(O)c2ncccc12)C3CCCCC3,,,CHEMBL1201862,,,,CHEMBL1982413,,CHEMBL1982413,5.5,False,http://www.openphacts.org/units/Nanomolar,1584969,=,7,True,=,,Ki,nM,,3162.28,CHEMBL4147,Homo sapiens,CaM kinase II alpha,9606,,,pKi,,UO_0000065,,5.5
active,9515473,[],CHEMBL1964111,PUBCHEM_BIOASSAY: Navigating the Kinome. (Class of assay: other) Panel member name: CAMK2A,F,BAO_0000192,BAO_0000019,assay format,O=C(NCCc1cccs1)N2CCC(=CC2)c3c[nH]c4ncccc34,,,CHEMBL1201862,,,,CHEMBL1987535,,CHEMBL1987535,5.4,False,http://www.openphacts.org/units/Nanomolar,1584564,=,7,True,=,,Ki,nM,,3981.07,CHEMBL4147,Homo sapiens,CaM kinase II alpha,9606,,,pKi,,UO_0000065,,5.4
active,9515477,[],CHEMBL1964111,PUBCHEM_BIOASSAY: Navigating the Kinome. (Class of assay: other) Panel member name: CAMK2A,F,BAO_0000192,BAO_0000019,assay format,NC(=O)c1cc(c2cccs2)n3nccc3n1,,,CHEMBL1201862,,,,CHEMBL1987815,,CHEMBL1987815,4,False,http://www.openphacts.org/units/Nanomolar,1584955,=,7,True,=,,Ki,nM,,100000,CHEMBL4147,Homo sapiens,CaM kinase II alpha,9606,,,pKi,,UO_0000065,,4
active,9515479,[],CHEMBL1964111,PUBCHEM_BIOASSAY: Navigating the Kinome. (Class of assay: other) Panel member name: CAMK2A,F,BAO_0000192,BAO_0000019,assay format,NC(COc1cncc(c1)c2ccc3cnccc3c2)Cc4c[nH]c5ccccc45,,,CHEMBL1201862,,,,CHEMBL1981133,,CHEMBL1981133,6.4,False,http://www.openphacts.org/units/Nanomolar,1584368,=,7,True,=,,Ki,nM,,398.11,CHEMBL4147,Homo sapiens,CaM kinase II alpha,9606,,,pKi,,UO_0000065,,6.4
active,9515482,[],CHEMBL1964111,PUBCHEM_BIOASSAY: Navigating the Kinome. (Class of assay: other) Panel member name: CAMK2A,F,BAO_0000192,BAO_0000019,assay format,CC(C)Oc1cc(Nc2nc(NC(C)c3ccc(F)cn3)ncc2Cl)n[nH]1,,,CHEMBL1201862,,,,CHEMBL2007421,,CHEMBL2007421,6.5,False,http://www.openphacts.org/units/Nanomolar,1585539,=,7,True,=,,Ki,nM,,316.23,CHEMBL4147,Homo sapiens,CaM kinase II alpha,9606,,,pKi,,UO_0000065,,6.5
active,9515487,[],CHEMBL1964111,PUBCHEM_BIOASSAY: Navigating the Kinome. (Class of assay: other) Panel member name: CAMK2A,F,BAO_0000192,BAO_0000019,assay format,CN(C)C1CCC(CC1)Nc2nc(Cl)cc(n2)c3c[nH]c4ncccc34,,,CHEMBL1201862,,,,CHEMBL1969151,,CHEMBL1969151,6.4,False,http://www.openphacts.org/units/Nanomolar,1584081,=,7,True,=,,Ki,nM,,398.11,CHEMBL4147,Homo sapiens,CaM kinase II alpha,9606,,,pKi,,UO_0000065,,6.4
active,9515488,[],CHEMBL1964111,PUBCHEM_BIOASSAY: Navigating the Kinome. (Class of assay: other) Panel member name: CAMK2A,F,BAO_0000192,BAO_0000019,assay format,Cc1n[nH]c2ccc(cc12)c3cccnc3,,,CHEMBL1201862,,,,CHEMBL1967252,,CHEMBL1967252,4.9,False,http://www.openphacts.org/units/Nanomolar,1584617,=,7,True,=,,Ki,nM,,12589.25,CHEMBL4147,Homo sapiens,CaM kinase II alpha,9606,,,pKi,,UO_0000065,,4.9
active,9515489,[],CHEMBL1964111,PUBCHEM_BIOASSAY: Navigating the Kinome. (Class of assay: other) Panel member name: CAMK2A,F,BAO_0000192,BAO_0000019,assay format,Cn1cc(c2cc3nc(Br)cnc3[nH]2)c4cc(F)ccc14,,,CHEMBL1201862,,,,CHEMBL1993335,,CHEMBL1993335,5.6,False,http://www.openphacts.org/units/Nanomolar,1584744,=,7,True,=,,Ki,nM,,2511.89,CHEMBL4147,Homo sapiens,CaM kinase II alpha,9606,,,pKi,,UO_0000065,,5.6
active,9515490,[],CHEMBL1964111,PUBCHEM_BIOASSAY: Navigating the Kinome. (Class of assay: other) Panel member name: CAMK2A,F,BAO_0000192,BAO_0000019,assay format,Nc1nc(Cl)cc(n1)c2c[nH]c3ncccc23,,,CHEMBL1201862,,,,CHEMBL2007574,,CHEMBL2007574,5.7,False,http://www.openphacts.org/units/Nanomolar,1584090,=,7,True,=,,Ki,nM,,1995.26,CHEMBL4147,Homo sapiens,CaM kinase II alpha,9606,,,pKi,,UO_0000065,,5.7
active,9515492,[],CHEMBL1964111,PUBCHEM_BIOASSAY: Navigating the Kinome. (Class of assay: other) Panel member name: CAMK2A,F,BAO_0000192,BAO_0000019,assay format,CCN(CCN)C(=O)c1cccc(c1)n2nc(cc2NC(=O)Nc3cccc4ccccc34)C(C)(C)C,,,CHEMBL1201862,,,,CHEMBL2004637,,CHEMBL2004637,5.5,False,http://www.openphacts.org/units/Nanomolar,1584707,=,7,True,=,,Ki,nM,,3162.28,CHEMBL4147,Homo sapiens,CaM kinase II alpha,9606,,,pKi,,UO_0000065,,5.5
active,9515504,[],CHEMBL1964111,PUBCHEM_BIOASSAY: Navigating the Kinome. (Class of assay: other) Panel member name: CAMK2A,F,BAO_0000192,BAO_0000019,assay format,CN(C)c1ccc(cc1)c2cc(nc(NS(=O)(=O)c3ccc(N)cc3)n2)c4ccc(cc4)[N+](=O)[O-],,,CHEMBL1201862,,,,CHEMBL1980167,,CHEMBL1980167,5.7,False,http://www.openphacts.org/units/Nanomolar,1584747,=,7,True,=,,Ki,nM,,1995.26,CHEMBL4147,Homo sapiens,CaM kinase II alpha,9606,,,pKi,,UO_0000065,,5.7
active,9515513,[],CHEMBL1964111,PUBCHEM_BIOASSAY: Navigating the Kinome. (Class of assay: other) Panel member name: CAMK2A,F,BAO_0000192,BAO_0000019,assay format,OCc1ccc(cc1)c2sc(nc2C(=O)O)N3CCc4cccc(C(=O)Nc5nc6ccccc6s5)c4C3,,,CHEMBL1201862,,,,CHEMBL1983980,,CHEMBL1983980,6,False,http://www.openphacts.org/units/Nanomolar,1585442,=,7,True,=,,Ki,nM,,1000,CHEMBL4147,Homo sapiens,CaM kinase II alpha,9606,,,pKi,,UO_0000065,,6
active,9515515,[],CHEMBL1964111,PUBCHEM_BIOASSAY: Navigating the Kinome. (Class of assay: other) Panel member name: CAMK2A,F,BAO_0000192,BAO_0000019,assay format,c1ccc(cc1)c2ccnc3[nH]ccc23,,,CHEMBL1201862,,,,CHEMBL482538,,CHEMBL482538,5,False,http://www.openphacts.org/units/Nanomolar,1584080,=,7,True,=,,Ki,nM,,10000,CHEMBL4147,Homo sapiens,CaM kinase II alpha,9606,,,pKi,,UO_0000065,,5
active,9515517,[],CHEMBL1964111,PUBCHEM_BIOASSAY: Navigating the Kinome. (Class of assay: other) Panel member name: CAMK2A,F,BAO_0000192,BAO_0000019,assay format,Cc1ccc(C)c(NC(=O)c2cc(nc3ccccc23)c4occc4)c1,,,CHEMBL1201862,,,,CHEMBL1984296,,CHEMBL1984296,5.5,False,http://www.openphacts.org/units/Nanomolar,1585199,=,7,True,=,,Ki,nM,,3162.28,CHEMBL4147,Homo sapiens,CaM kinase II alpha,9606,,,pKi,,UO_0000065,,5.5
active,9515522,[],CHEMBL1964111,PUBCHEM_BIOASSAY: Navigating the Kinome. (Class of assay: other) Panel member name: CAMK2A,F,BAO_0000192,BAO_0000019,assay format,CC1=CN2CC(=O)NN=C2C=C1,,,CHEMBL1201862,,,,CHEMBL1964718,,CHEMBL1964718,4.2,False,http://www.openphacts.org/units/Nanomolar,1585401,=,7,True,=,,Ki,nM,,63095.73,CHEMBL4147,Homo sapiens,CaM kinase II alpha,9606,,,pKi,,UO_0000065,,4.2
active,9515523,[],CHEMBL1964111,PUBCHEM_BIOASSAY: Navigating the Kinome. (Class of assay: other) Panel member name: CAMK2A,F,BAO_0000192,BAO_0000019,assay format,CNS(=O)(=O)c1ccccc1Nc2nc(Nc3cc(OC)c(OC)c(OC)c3)ncc2Cl,,,CHEMBL1201862,,,,CHEMBL1993661,,CHEMBL1993661,6.2,False,http://www.openphacts.org/units/Nanomolar,1584473,=,7,True,=,,Ki,nM,,630.96,CHEMBL4147,Homo sapiens,CaM kinase II alpha,9606,,,pKi,,UO_0000065,,6.2
active,9515528,[],CHEMBL1964111,PUBCHEM_BIOASSAY: Navigating the Kinome. (Class of assay: other) Panel member name: CAMK2A,F,BAO_0000192,BAO_0000019,assay format,ON=C(c1nc2ccccc2[nH]1)c3nc4ccccc4[nH]3,,,CHEMBL1201862,,,,CHEMBL546797,,CHEMBL546797,5.5,False,http://www.openphacts.org/units/Nanomolar,1584807,=,7,True,=,,Ki,nM,,3162.28,CHEMBL4147,Homo sapiens,CaM kinase II alpha,9606,,,pKi,,UO_0000065,,5.5
,12039213,[],CHEMBL2148933,Inhibition of alphaCaMK2 using GST-NR2A as substrate incubated for 1 min prior to substrate addition measured after 1 min,B,BAO_0000190,BAO_0000357,single protein format,COc1cc(\C=C\C(=C\C(=O)\C=C\c2ccc(O)c(OC)c2)\O)ccc1O,,,CHEMBL2146378,Bioorg. Med. Chem.,2012.0,"{'bei': '13.26', 'le': '0.25', 'lle': '1.04', 'sei': '5.08'}",CHEMBL116438,CURCUMIN,CHEMBL116438,4.89,False,http://www.openphacts.org/units/Nanomolar,1727914,=,1,True,=,,IC50,nM,,13000,CHEMBL4147,Homo sapiens,CaM kinase II alpha,9606,,,IC50,uM,UO_0000065,,13
,12039214,[],CHEMBL2148933,Inhibition of alphaCaMK2 using GST-NR2A as substrate incubated for 1 min prior to substrate addition measured after 1 min,B,BAO_0000190,BAO_0000357,single protein format,COc1cc(\C=C\C(=C\C(=O)\C=C\c2ccc(O)c(OC)c2)\O)ccc1O,,,CHEMBL2146378,Bioorg. Med. Chem.,2012.0,"{'bei': '12.7', 'le': '0.24', 'lle': '0.83', 'sei': '4.86'}",CHEMBL116438,CURCUMIN,CHEMBL116438,4.68,False,http://www.openphacts.org/units/Nanomolar,1727911,=,1,True,=,,IC50,nM,,21000,CHEMBL4147,Homo sapiens,CaM kinase II alpha,9606,,,IC50,uM,UO_0000065,,21
,12039216,[],CHEMBL2148931,Inhibition of autophosphorylated alphaCaMK2 using GST-NR2A as substrate incubated for 1 min prior to substrate addition measured after 1 min,B,BAO_0000190,BAO_0000357,single protein format,COc1cc(\C=C\C(=C\C(=O)\C=C\c2ccc(O)c(OC)c2)\O)ccc1O,,,CHEMBL2146378,Bioorg. Med. Chem.,2012.0,"{'bei': '11.8', 'le': '0.22', 'lle': '0.5', 'sei': '4.52'}",CHEMBL116438,CURCUMIN,CHEMBL116438,4.35,False,http://www.openphacts.org/units/Nanomolar,1727911,=,1,True,=,,IC50,nM,,45000,CHEMBL4147,Homo sapiens,CaM kinase II alpha,9606,,,IC50,uM,UO_0000065,,45
,12039217,[],CHEMBL2148930,Inhibition of autophosphorylated alphaCaMK2 using GST-NR2A as substrate incubated for 1 min prior to substrate addition measured after 1 min in presence of EGTA,B,BAO_0000190,BAO_0000357,single protein format,COc1cc(\C=C\C(=C\C(=O)\C=C\c2ccc(O)c(OC)c2)\O)ccc1O,,,CHEMBL2146378,Bioorg. Med. Chem.,2012.0,"{'bei': '12.13', 'le': '0.23', 'lle': '0.62', 'sei': '4.64'}",CHEMBL116438,CURCUMIN,CHEMBL116438,4.47,False,http://www.openphacts.org/units/Nanomolar,1727911,=,1,True,=,,IC50,nM,,34000,CHEMBL4147,Homo sapiens,CaM kinase II alpha,9606,,,IC50,uM,UO_0000065,,34
,12039218,[],CHEMBL2148929,Inhibition of alphaCaMK2 autophosphorylation at Thr286 using [gamma32P]ATP incubated for 30 secs prior to ATP addition measured after 30 secs,B,BAO_0000190,BAO_0000357,single protein format,COc1cc(\C=C\C(=C\C(=O)\C=C\c2ccc(O)c(OC)c2)\O)ccc1O,,,CHEMBL2146378,Bioorg. Med. Chem.,2012.0,"{'bei': '12.17', 'le': '0.23', 'lle': '0.63', 'sei': '4.66'}",CHEMBL116438,CURCUMIN,CHEMBL116438,4.48,False,http://www.openphacts.org/units/Nanomolar,1727911,=,1,True,=,,IC50,nM,,33000,CHEMBL4147,Homo sapiens,CaM kinase II alpha,9606,,,IC50,uM,UO_0000065,,33
,12039227,[],CHEMBL2148933,Inhibition of alphaCaMK2 using GST-NR2A as substrate incubated for 1 min prior to substrate addition measured after 1 min,B,BAO_0000190,BAO_0000357,single protein format,COc1cc(\C=C\C(=C\C(=O)\C=C\c2ccc(O)cc2)\O)ccc1O,,,CHEMBL2146378,Bioorg. Med. Chem.,2012.0,"{'bei': '13.65', 'le': '0.25', 'lle': '0.78', 'sei': '5.31'}",CHEMBL179512,DEMETHOXYCURCUMIN,CHEMBL179512,4.62,False,http://www.openphacts.org/units/Nanomolar,1727912,=,1,True,=,,IC50,nM,,24000,CHEMBL4147,Homo sapiens,CaM kinase II alpha,9606,,,IC50,uM,UO_0000065,,24
,12039228,[],CHEMBL2148933,Inhibition of alphaCaMK2 using GST-NR2A as substrate incubated for 1 min prior to substrate addition measured after 1 min,B,BAO_0000190,BAO_0000357,single protein format,Oc1ccc(\C=C\C(=O)CC(=O)\C=C\c2ccc(O)cc2)cc1,,,CHEMBL2146378,Bioorg. Med. Chem.,2012.0,"{'bei': '14.37', 'le': '0.26', 'lle': '1.08', 'sei': '5.94'}",CHEMBL105350,BISDEMETHOXYCURCUMIN,CHEMBL105350,4.43,False,http://www.openphacts.org/units/Nanomolar,1727913,=,1,True,=,,IC50,nM,,37000,CHEMBL4147,Homo sapiens,CaM kinase II alpha,9606,,,IC50,uM,UO_0000065,,37
,12039229,[],CHEMBL2148933,Inhibition of alphaCaMK2 using GST-NR2A as substrate incubated for 1 min prior to substrate addition measured after 1 min,B,BAO_0000190,BAO_0000357,single protein format,COc1cc(\C=C\c2cc(\C=C\c3ccc(O)c(OC)c3)n(n2)c4ccccc4)ccc1O,,,CHEMBL2146378,Bioorg. Med. Chem.,2012.0,"{'bei': '10.06', 'le': '0.18', 'lle': '-1.21', 'sei': '5.78'}",CHEMBL258741,,CHEMBL258741,4.43,False,http://www.openphacts.org/units/Nanomolar,1727915,=,1,True,=,,IC50,nM,,37000,CHEMBL4147,Homo sapiens,CaM kinase II alpha,9606,,,IC50,uM,UO_0000065,,37
,12039230,[],CHEMBL2148931,Inhibition of autophosphorylated alphaCaMK2 using GST-NR2A as substrate incubated for 1 min prior to substrate addition measured after 1 min,B,BAO_0000190,BAO_0000357,single protein format,COc1cc(\C=C\c2cc(\C=C\c3ccc(O)c(OC)c3)n(n2)c4ccccc4)ccc1O,,,CHEMBL2146378,Bioorg. Med. Chem.,2012.0,"{'bei': '9.31', 'le': '0.17', 'lle': '-1.54', 'sei': '5.35'}",CHEMBL258741,,CHEMBL258741,4.1,False,http://www.openphacts.org/units/Nanomolar,1727915,=,1,True,=,,IC50,nM,,79000,CHEMBL4147,Homo sapiens,CaM kinase II alpha,9606,,,IC50,uM,UO_0000065,,79
,12039231,[],CHEMBL2148930,Inhibition of autophosphorylated alphaCaMK2 using GST-NR2A as substrate incubated for 1 min prior to substrate addition measured after 1 min in presence of EGTA,B,BAO_0000190,BAO_0000357,single protein format,COc1cc(\C=C\c2cc(\C=C\c3ccc(O)c(OC)c3)n(n2)c4ccccc4)ccc1O,,,CHEMBL2146378,Bioorg. Med. Chem.,2012.0,"{'bei': '9.69', 'le': '0.18', 'lle': '-1.37', 'sei': '5.56'}",CHEMBL258741,,CHEMBL258741,4.27,False,http://www.openphacts.org/units/Nanomolar,1727915,=,1,True,=,,IC50,nM,,54000,CHEMBL4147,Homo sapiens,CaM kinase II alpha,9606,,,IC50,uM,UO_0000065,,54
,12039239,[],CHEMBL2148933,Inhibition of alphaCaMK2 using GST-NR2A as substrate incubated for 1 min prior to substrate addition measured after 1 min,B,BAO_0000190,BAO_0000357,single protein format,COc1cc(\C=C\c2cc(\C=C\c3ccc(O)c(OC)c3)[nH]n2)ccc1O,,,CHEMBL2146378,Bioorg. Med. Chem.,2012.0,"{'bei': '15.99', 'le': '0.29', 'lle': '1.65', 'sei': '6.65'}",CHEMBL180239,CURCUMIN PYRAZOLE,CHEMBL180239,5.83,False,http://www.openphacts.org/units/Nanomolar,1727916,=,1,True,=,,IC50,nM,,1490,CHEMBL4147,Homo sapiens,CaM kinase II alpha,9606,,,IC50,uM,UO_0000065,,1.49
,12039240,[],CHEMBL2148931,Inhibition of autophosphorylated alphaCaMK2 using GST-NR2A as substrate incubated for 1 min prior to substrate addition measured after 1 min,B,BAO_0000190,BAO_0000357,single protein format,COc1cc(\C=C\c2cc(\C=C\c3ccc(O)c(OC)c3)[nH]n2)ccc1O,,,CHEMBL2146378,Bioorg. Med. Chem.,2012.0,"{'bei': '14.27', 'le': '0.26', 'lle': '1.02', 'sei': '5.94'}",CHEMBL180239,CURCUMIN PYRAZOLE,CHEMBL180239,5.2,False,http://www.openphacts.org/units/Nanomolar,1727916,=,1,True,=,,IC50,nM,,6300,CHEMBL4147,Homo sapiens,CaM kinase II alpha,9606,,,IC50,uM,UO_0000065,,6.3
,12039241,[],CHEMBL2148930,Inhibition of autophosphorylated alphaCaMK2 using GST-NR2A as substrate incubated for 1 min prior to substrate addition measured after 1 min in presence of EGTA,B,BAO_0000190,BAO_0000357,single protein format,COc1cc(\C=C\c2cc(\C=C\c3ccc(O)c(OC)c3)[nH]n2)ccc1O,,,CHEMBL2146378,Bioorg. Med. Chem.,2012.0,"{'bei': '17.94', 'le': '0.33', 'lle': '2.36', 'sei': '7.46'}",CHEMBL180239,CURCUMIN PYRAZOLE,CHEMBL180239,6.54,False,http://www.openphacts.org/units/Nanomolar,1727916,=,1,True,=,,IC50,nM,,290,CHEMBL4147,Homo sapiens,CaM kinase II alpha,9606,,,IC50,uM,UO_0000065,,0.29
,12039242,[],CHEMBL2148929,Inhibition of alphaCaMK2 autophosphorylation at Thr286 using [gamma32P]ATP incubated for 30 secs prior to ATP addition measured after 30 secs,B,BAO_0000190,BAO_0000357,single protein format,COc1cc(\C=C\c2cc(\C=C\c3ccc(O)c(OC)c3)[nH]n2)ccc1O,,,CHEMBL2146378,Bioorg. Med. Chem.,2012.0,"{'bei': '14.23', 'le': '0.26', 'lle': '1.01', 'sei': '5.92'}",CHEMBL180239,CURCUMIN PYRAZOLE,CHEMBL180239,5.19,False,http://www.openphacts.org/units/Nanomolar,1727916,=,1,True,=,,IC50,nM,,6500,CHEMBL4147,Homo sapiens,CaM kinase II alpha,9606,,,IC50,uM,UO_0000065,,6.5
,12039249,[],CHEMBL2148933,Inhibition of alphaCaMK2 using GST-NR2A as substrate incubated for 1 min prior to substrate addition measured after 1 min,B,BAO_0000190,BAO_0000357,single protein format,COc1cc(\C=C\c2onc(\C=C\c3ccc(O)c(OC)c3)c2)ccc1O,,,CHEMBL2146378,Bioorg. Med. Chem.,2012.0,"{'bei': '13.53', 'le': '0.25', 'lle': '0.5', 'sei': '5.82'}",CHEMBL181529,,CHEMBL181529,4.94,False,http://www.openphacts.org/units/Nanomolar,1727917,=,1,True,=,,IC50,nM,,11370,CHEMBL4147,Homo sapiens,CaM kinase II alpha,9606,,,IC50,uM,UO_0000065,,11.37
,12039250,[],CHEMBL2148931,Inhibition of autophosphorylated alphaCaMK2 using GST-NR2A as substrate incubated for 1 min prior to substrate addition measured after 1 min,B,BAO_0000190,BAO_0000357,single protein format,COc1cc(\C=C\c2onc(\C=C\c3ccc(O)c(OC)c3)c2)ccc1O,,,CHEMBL2146378,Bioorg. Med. Chem.,2012.0,"{'bei': '12.62', 'le': '0.23', 'lle': '0.17', 'sei': '5.43'}",CHEMBL181529,,CHEMBL181529,4.61,False,http://www.openphacts.org/units/Nanomolar,1727917,=,1,True,=,,IC50,nM,,24440,CHEMBL4147,Homo sapiens,CaM kinase II alpha,9606,,,IC50,uM,UO_0000065,,24.44
,12039251,[],CHEMBL2148930,Inhibition of autophosphorylated alphaCaMK2 using GST-NR2A as substrate incubated for 1 min prior to substrate addition measured after 1 min in presence of EGTA,B,BAO_0000190,BAO_0000357,single protein format,COc1cc(\C=C\c2onc(\C=C\c3ccc(O)c(OC)c3)c2)ccc1O,,,CHEMBL2146378,Bioorg. Med. Chem.,2012.0,"{'bei': '16.88', 'le': '0.31', 'lle': '1.73', 'sei': '7.26'}",CHEMBL181529,,CHEMBL181529,6.17,False,http://www.openphacts.org/units/Nanomolar,1727917,=,1,True,=,,IC50,nM,,680,CHEMBL4147,Homo sapiens,CaM kinase II alpha,9606,,,IC50,uM,UO_0000065,,0.68
,12039252,[],CHEMBL2148929,Inhibition of alphaCaMK2 autophosphorylation at Thr286 using [gamma32P]ATP incubated for 30 secs prior to ATP addition measured after 30 secs,B,BAO_0000190,BAO_0000357,single protein format,COc1cc(\C=C\c2onc(\C=C\c3ccc(O)c(OC)c3)c2)ccc1O,,,CHEMBL2146378,Bioorg. Med. Chem.,2012.0,"{'bei': '12.98', 'le': '0.24', 'lle': '0.3', 'sei': '5.59'}",CHEMBL181529,,CHEMBL181529,4.74,False,http://www.openphacts.org/units/Nanomolar,1727917,=,1,True,=,,IC50,nM,,18010,CHEMBL4147,Homo sapiens,CaM kinase II alpha,9606,,,IC50,uM,UO_0000065,,18.01
,12711014,[],CHEMBL2345478,Inhibition of recombinant full length CAMK2alpha (unknown origin) using autocamtide-2 as substrate assessed as incorporation of 32P after 30 mins by scintillation counting analysis in presence of [gamma32P]ATP relative to control,B,BAO_0000190,BAO_0000357,single protein format,CC[C@H](C)[C@H](NC(=O)[C@H](CCC(=O)N)NC(=O)CNC(=O)[C@H](CC(C)C)NC(=O)[C@H](CCCCN)NC(=O)[C@@H]1CCCN1C(=O)[C@@H]2CCCN2C(=O)[C@H](CCCNC(=N)N)NC(=O)[C@@H](N)CCCCN)C(=O)NCC(=O)N[C@@H](CCCNC(=N)N)C(=O)N[C@@H](C)C(=O)N[C@@H](CCCCN)C(=O)N[C@@H](CCCNC(=N)N)C(=O)N[C@@H](C(C)C)C(=O)N[C@@H](C(C)C)C(=O)N[C@@H]([C@@H](C)CC)C(=O)N[C@@H](CCC(=O)O)C(=O)N[C@@H](CC(=O)O)C(=O)N[C@@H](CC(=O)O)C(=O)N[C@@H](CCCNC(=N)N)C(=O)N[C@@H]([C@@H](C)CC)C(=O)N[C@@H](CC(=O)O)C(=O)N[C@@H](CC(=O)O)C(=O)N[C@@H](C(C)C)C(=O)N[C@@H](CC(C)C)C(=O)N[C@@H](CCCCN)C(=O)O,,,CHEMBL2331295,Eur. J. Med. Chem.,2013.0,"{'bei': '2.34', 'le': None, 'lle': None, 'sei': None}",CHEMBL2335479,,CHEMBL2335479,7.3,False,http://www.openphacts.org/units/Nanomolar,1870141,=,1,True,=,,IC50,nM,,50,CHEMBL4147,Homo sapiens,CaM kinase II alpha,9606,,,IC50(app),nM,UO_0000065,,50
,12711015,[],CHEMBL2345478,Inhibition of recombinant full length CAMK2alpha (unknown origin) using autocamtide-2 as substrate assessed as incorporation of 32P after 30 mins by scintillation counting analysis in presence of [gamma32P]ATP relative to control,B,BAO_0000190,BAO_0000357,single protein format,CC[C@H](C)[C@H](NC(=O)[C@@H](NC(=O)[C@@H](NC(=O)[C@H](CCCNC(=N)N)NC(=O)[C@H](CCCCN)NC(=O)[C@H](C)NC(=O)[C@H](CCCNC(=N)N)NC(=O)CNC(=O)[C@@H](NC(=O)[C@H](CCC(=O)N)NC(=O)CNC(=O)[C@H](CC(C)C)NC(=O)[C@H](CCCCN)NC(=O)[C@@H]1CCCN1C(=O)[C@@H]2CCCN2C(=O)[C@H](CCCNC(=N)N)NC(=O)[C@H](CCCCN)NC(=O)[C@H](CS)NC(=O)[C@H](CCC(=O)N)NC(=O)[C@@H]3CCCN3C(=O)[C@@H]4CCCN4C(=O)[C@H](CCCNC(=N)N)NC(=O)[C@H](CCCNC(=N)N)NC(=O)[C@H](CCCNC(=N)N)NC(=O)[C@H](CCC(=O)N)NC(=O)[C@H](CCCNC(=N)N)NC(=O)[C@H](CCCNC(=N)N)NC(=O)[C@H](CCCCN)NC(=O)[C@H](CCCCN)NC(=O)[C@@H](N)CCCNC(=N)N)[C@@H](C)CC)C(C)C)C(C)C)C(=O)O,,,CHEMBL2331295,Eur. J. Med. Chem.,2013.0,"{'bei': '2.02', 'le': None, 'lle': None, 'sei': None}",CHEMBL2335442,,CHEMBL2335442,7.4,False,http://www.openphacts.org/units/Nanomolar,1870104,=,1,True,=,,IC50,nM,,40,CHEMBL4147,Homo sapiens,CaM kinase II alpha,9606,,,IC50,nM,UO_0000065,,40
,12711017,[],CHEMBL2345478,Inhibition of recombinant full length CAMK2alpha (unknown origin) using autocamtide-2 as substrate assessed as incorporation of 32P after 30 mins by scintillation counting analysis in presence of [gamma32P]ATP relative to control,B,BAO_0000190,BAO_0000357,single protein format,CC[C@H](C)[C@H](NC(=O)[C@@H](NC(=O)[C@@H](NC(=O)[C@H](CCCNC(=N)N)NC(=O)[C@H](CCCCN)NC(=O)[C@H](C)NC(=O)[C@H](CCCNC(=N)N)NC(=O)CNC(=O)[C@@H](NC(=O)[C@H](CCC(=O)N)NC(=O)CNC(=O)[C@H](CC(C)C)NC(=O)[C@H](CCCCN)NC(=O)[C@@H]1CCCN1C(=O)[C@@H]2CCCN2C(=O)[C@H](CCCNC(=N)N)NC(=O)[C@H](CCCCN)NC(=O)[C@H](CS)NC(=O)CNC(=O)CNC(=O)[C@H](CCCCN)NC(=O)[C@H](CCCCN)NC(=O)[C@H](Cc3c[nH]c4ccccc34)NC(=O)[C@H](CCCCN)NC(=O)[C@H](CCSC)NC(=O)[C@H](CCCNC(=N)N)NC(=O)[C@H](CCCNC(=N)N)NC(=O)[C@H](CC(=O)N)NC(=O)[C@H](CCC(=O)N)NC(=O)[C@H](Cc5ccccc5)NC(=O)[C@H](Cc6c[nH]c7ccccc67)NC(=O)[C@@H](NC(=O)[C@H](CCCCN)NC(=O)[C@@H](NC(=O)[C@H](CCC(=O)N)NC(=O)[C@@H](N)CCCNC(=N)N)[C@@H](C)CC)[C@@H](C)CC)[C@@H](C)CC)C(C)C)C(C)C)C(=O)O,,,CHEMBL2331295,Eur. J. Med. Chem.,2013.0,"{'bei': '1.72', 'le': None, 'lle': None, 'sei': None}",CHEMBL2335444,,CHEMBL2335444,7.52,False,http://www.openphacts.org/units/Nanomolar,1870106,=,1,True,=,,IC50,nM,,30,CHEMBL4147,Homo sapiens,CaM kinase II alpha,9606,,,IC50,nM,UO_0000065,,30
,15649105,[],CHEMBL3595090,Inhibition of CaMK2a (unknown origin),B,BAO_0000190,BAO_0000357,single protein format,NC(=O)c1cnc2[nH]ccc2c1N[C@@H]3CCN(C[C@@H]3F)c4ccc(cn4)C#N,,,CHEMBL3593212,Bioorg. Med. Chem.,2015.0,"{'bei': '15.81', 'le': '0.29', 'lle': '4.04', 'sei': '4.85'}",CHEMBL3593777,,CHEMBL3593777,6,False,http://www.openphacts.org/units/Nanomolar,2488153,=,1,True,=,,IC50,nM,,1000,CHEMBL4147,Homo sapiens,CaM kinase II alpha,9606,,,IC50,nM,UO_0000065,,1000
